iso3,clean_cooking_access,co2_pc,co2_total_mt,control_corruption,dependency_ratio,elec_access,energy_intensity,energy_use_pc,fdi_net_inflow_pct_gdp,fertility_rate,fossil_fuel_pct,gcf_pct_gdp,gdp_growth,gdp_pc_ppp_const,gini,gov_effectiveness,gross_fixed_capital_pct_gdp,gross_savings_pct_gdp,health_exp_pct_gdp,hightech_exports_pct,ict_service_exports_pct,internet_users,life_expectancy,patent_apps_resident,pm25_exposure,political_stability,population,poverty_215,regulatory_quality,renew_share,rnd_exp_pct_gdp,rule_of_law,secondary_enroll,tertiary_enroll,trade_pct_gdp,unemployment,urban_pct,voice_accountability
ABW,0,30,30,21,30,29,23,0,30,30,0,30,30,30,0,21,0,29,0,15,29,20,30,1,0,21,30,0,21,28,0,21,20,19,30,0,30,21
AFG,24,30,30,26,30,24,22,0,22,30,0,5,24,24,0,26,5,1,22,2,13,24,30,0,29,26,30,0,26,28,0,26,19,7,5,30,30,26
AGO,24,30,30,26,30,24,22,29,30,30,29,23,30,30,3,26,23,23,24,10,18,29,30,2,29,26,30,3,26,27,1,26,12,13,23,30,30,26
ALB,24,30,30,26,30,29,23,29,30,30,29,30,30,30,12,26,30,30,24,16,30,30,30,8,29,26,30,12,26,27,4,26,30,30,30,30,30,26
AND,24,0,0,26,30,29,23,0,6,30,0,0,30,30,0,26,0,0,24,17,6,28,30,4,29,26,30,0,26,28,1,26,23,19,0,0,30,26
ARE,24,30,30,26,30,29,22,29,30,30,22,23,30,30,2,26,9,1,24,13,2,30,30,12,29,26,30,2,26,27,8,26,10,7,23,30,30,26
ARG,24,30,30,26,30,29,23,30,30,30,30,30,30,30,29,26,30,30,24,18,30,30,30,27,29,26,30,29,26,27,28,26,28,26,30,30,30,26
ARM,24,30,30,26,30,24,22,29,30,30,29,30,30,30,26,26,30,30,24,18,30,30,30,26,29,26,30,26,26,27,28,26,24,30,30,30,30,26
ASM,0,30,30,21,30,0,0,0,0,30,0,0,20,0,0,21,0,0,0,0,0,0,30,0,29,21,30,0,21,28,4,21,0,0,21,0,30,20
ATG,24,30,30,26,30,29,23,4,30,30,4,0,30,30,0,26,0,0,24,12,30,30,30,1,29,26,30,0,26,28,0,26,13,4,9,0,30,26
AUS,24,30,30,26,30,29,23,30,30,30,30,30,30,30,10,26,30,30,24,18,30,27,30,27,29,26,30,10,26,27,14,26,10,10,30,30,30,26
AUT,24,30,30,26,30,29,23,30,30,30,30,30,30,30,27,26,30,20,25,18,20,30,30,27,29,26,30,27,26,27,28,26,24,18,30,30,30,26
AZE,24,30,30,26,30,25,23,29,30,30,29,30,30,30,6,26,30,30,24,18,30,28,30,23,29,26,30,6,26,27,29,26,15,19,30,30,30,26
BDI,24,30,30,26,30,26,23,0,25,30,0,0,30,30,4,26,0,30,24,11,14,30,30,4,29,26,30,4,26,28,6,26,19,20,0,30,30,26
BEL,24,30,30,26,30,29,23,30,30,30,30,30,30,30,24,26,30,23,24,18,23,30,30,27,29,26,30,24,26,27,28,26,23,23,30,30,30,26
BEN,24,30,30,26,30,28,22,29,30,30,29,30,30,30,5,26,30,29,24,12,29,29,30,0,29,26,30,5,26,27,0,26,14,27,30,30,30,26
BFA,24,30,30,26,30,29,23,29,30,30,29,30,30,30,6,26,30,20,24,16,20,29,30,7,29,26,30,6,26,28,17,26,25,27,30,30,30,26
BGD,24,30,30,26,30,29,22,29,30,30,29,30,30,30,6,26,30,30,24,10,29,28,30,27,29,26,30,6,26,27,0,26,26,25,30,30,30,26
BGR,0,30,30,26,30,29,23,29,30,30,29,30,30,30,22,26,30,30,24,18,28,30,30,27,29,26,30,22,26,27,28,26,24,24,30,30,30,26
BHR,24,30,30,26,30,29,22,29,30,30,24,30,30,30,0,26,30,30,24,15,21,30,30,11,29,26,30,0,26,27,2,26,27,20,30,30,30,26
BHS,24,30,30,26,30,29,23,4,30,30,4,30,30,30,0,26,30,30,24,16,0,30,30,6,29,26,30,0,26,28,0,26,23,1,30,30,30,26
BIH,24,30,30,26,30,29,23,29,27,30,28,30,30,30,6,26,30,25,24,17,27,29,30,19,29,26,30,6,26,27,20,26,17,24,30,30,30,26
BLR,24,30,30,26,30,29,22,29,30,30,28,30,30,30,24,26,30,30,24,14,27,27,30,27,29,26,30,24,26,27,29,26,21,30,30,30,30,26
BLZ,24,30,30,26,30,29,23,4,30,30,4,30,30,30,6,26,30,30,24,15,30,28,30,1,29,26,30,6,26,28,0,26,26,24,30,30,30,26
BMU,0,30,30,26,30,29,23,0,28,30,0,15,30,30,0,26,15,14,0,13,18,23,30,0,29,26,30,0,26,28,13,26,13,13,15,0,30,19
BOL,24,30,30,26,30,29,22,29,30,30,27,30,30,30,25,26,30,30,24,18,28,30,30,6,29,26,30,25,26,27,11,26,27,0,30,30,30,26
BRA,24,30,30,26,30,29,23,30,30,30,30,30,30,30,28,26,30,30,24,18,30,30,30,27,29,26,30,28,26,27,24,26,12,12,30,30,30,26
BRB,24,30,30,26,30,29,23,4,30,30,4,0,30,30,1,26,0,0,24,6,23,30,30,7,29,26,30,1,26,28,0,26,24,20,0,30,30,26
BRN,24,30,30,26,30,29,22,29,30,30,29,30,30,30,0,26,30,24,24,16,19,30,30,9,29,26,30,0,26,27,4,26,24,26,30,30,30,26
BTN,24,30,30,26,30,24,23,4,27,30,4,30,30,29,5,26,30,19,24,13,19,26,30,6,29,26,30,5,26,28,2,26,24,18,30,30,30,26
BWA,24,30,30,26,30,29,22,29,30,30,29,30,30,30,3,26,30,30,24,11,29,29,30,10,29,26,30,3,26,27,3,26,13,28,30,30,30,26
CAF,24,30,30,26,30,29,23,0,30,30,0,30,30,30,2,26,30,0,24,14,0,27,28,0,29,26,30,2,26,28,0,26,7,9,30,30,30,26
CAN,24,30,30,26,30,29,23,30,30,30,30,30,30,30,28,26,30,30,25,18,30,30,30,27,29,26,30,28,26,27,29,26,20,19,30,30,30,26
CHE,24,30,30,26,30,29,23,30,30,30,30,30,30,30,20,26,30,30,24,18,30,30,30,27,29,26,30,20,26,27,10,26,24,25,30,30,30,26
CHI,0,0,0,0,30,29,0,0,0,30,0,0,14,0,0,0,0,0,0,0,0,0,30,0,0,0,30,0,0,0,0,0,0,0,0,30,30,0
CHL,24,30,30,26,30,29,23,30,30,30,30,30,30,30,13,26,30,30,25,18,30,30,30,27,29,26,30,13,26,27,16,26,24,24,30,30,30,26
CHN,24,30,30,26,30,24,22,29,30,30,29,30,30,30,18,26,30,30,24,18,30,30,30,27,29,26,30,18,26,27,28,26,15,30,30,30,30,26
CIV,24,30,30,26,30,29,22,29,30,30,29,30,30,30,7,26,30,20,24,17,20,30,30,1,29,26,30,7,26,27,1,26,12,19,30,30,30,26
CMR,24,30,30,26,30,29,22,29,30,30,29,30,30,30,5,26,30,30,24,11,30,28,30,0,29,26,30,5,26,27,0,26,23,26,30,30,30,26
COD,24,30,30,26,30,24,22,29,30,30,29,30,30,30,3,26,30,20,24,9,20,28,30,3,29,26,30,3,26,27,7,26,12,11,30,30,30,26
COG,24,30,30,26,30,24,22,29,30,30,29,30,30,30,2,26,30,25,24,10,23,29,30,0,29,26,30,2,26,27,1,26,5,11,30,30,30,26
COL,24,30,30,26,30,29,23,30,30,30,30,30,30,30,25,26,30,30,25,18,30,30,30,27,29,26,30,25,26,27,21,26,21,22,30,30,30,26
COM,24,30,30,26,30,28,23,4,30,30,4,30,30,30,4,26,30,21,24,10,20,27,30,0,29,26,30,4,26,28,0,26,9,12,30,30,30,26
CPV,24,30,30,26,30,24,23,4,30,30,4,18,30,30,3,23,0,18,24,11,30,28,30,5,29,26,30,3,26,28,1,26,23,20,30,30,30,26
CRI,24,30,30,26,30,24,23,30,30,30,30,30,30,30,30,26,30,30,24,18,30,30,30,27,29,26,30,30,26,27,24,26,22,10,30,30,30,26
CUB,24,30,30,26,30,24,22,29,0,30,28,30,30,0,0,26,30,0,24,7,0,30,30,19,29,26,30,0,26,27,29,26,29,29,30,30,30,26
CUW,0,0,0,0,30,29,22,29,14,30,9,14,24,25,0,0,14,8,0,0,13,2,30,0,0,0,30,0,0,27,0,0,4,1,14,0,30,0
CYM,0,30,30,26,30,29,16,0,19,30,0,0,18,18,0,26,0,0,0,5,9,14,30,0,0,26,30,0,26,28,0,26,19,8,4,0,30,26
CYP,24,30,30,26,30,29,23,29,30,30,29,30,30,30,20,26,30,30,24,18,27,30,30,17,29,26,30,20,26,27,26,26,24,24,30,30,30,26
CZE,24,30,30,26,30,29,23,30,30,30,30,30,30,30,22,26,30,30,25,18,30,30,30,27,29,26,30,22,26,27,28,26,23,23,30,30,30,26
DEU,24,30,30,26,30,29,23,30,30,30,30,30,30,30,28,26,30,26,25,18,26,30,30,27,29,26,30,28,26,27,28,26,24,12,30,30,30,26
DJI,24,30,30,26,30,28,23,4,30,30,4,12,11,12,4,26,12,12,24,4,30,30,30,2,29,26,30,4,26,28,0,26,0,15,12,30,30,26
DMA,24,30,30,26,30,26,23,4,30,30,4,0,30,30,0,26,0,0,24,12,30,28,30,0,29,26,30,0,26,28,0,26,21,0,0,0,30,26
DNK,24,30,30,26,30,29,23,30,30,30,30,30,30,30,23,26,30,30,25,18,20,30,30,27,29,26,30,23,26,27,28,26,24,24,30,30,30,26
DOM,24,30,30,26,30,29,22,29,30,30,29,30,30,30,27,26,30,30,24,18,30,30,30,22,29,26,30,27,26,27,0,26,25,12,30,30,30,26
DZA,24,30,30,26,30,24,22,29,30,30,29,30,30,30,2,26,30,20,24,11,20,30,30,25,29,26,30,2,26,27,8,26,19,26,30,30,30,26
ECU,24,30,30,26,30,29,22,29,30,30,29,30,30,30,26,26,30,30,24,17,30,30,30,24,29,26,30,26,26,27,15,26,23,9,30,30,30,26
EGY,24,30,30,26,30,29,22,29,30,30,29,30,30,30,10,26,30,30,24,17,30,30,30,25,29,26,30,10,26,27,26,26,23,25,30,30,30,26
ERI,24,30,30,26,30,29,22,29,16,30,29,17,17,0,0,26,17,6,24,0,3,22,30,0,29,26,30,0,26,27,0,26,23,13,17,30,30,26
ESP,24,30,30,26,30,29,23,30,30,30,30,30,30,30,27,26,30,30,24,18,16,30,30,27,29,26,30,27,26,27,28,26,24,24,30,30,30,26
EST,24,30,30,26,30,29,23,30,30,30,30,30,30,30,26,26,30,30,25,18,25,30,30,27,29,26,30,26,26,27,26,26,24,24,30,30,30,26
ETH,24,30,30,26,30,24,22,29,30,30,29,30,30,30,6,26,14,14,24,16,30,30,30,16,29,26,30,6,26,27,5,26,17,17,14,30,30,26
FIN,24,30,30,26,30,29,23,30,30,30,30,30,30,30,23,26,30,30,24,18,30,30,30,27,29,26,30,23,26,27,28,26,24,24,30,30,30,26
FJI,24,30,30,26,30,28,23,4,30,30,4,30,30,30,4,26,30,30,24,17,30,30,30,0,29,26,30,4,26,28,0,26,23,14,30,30,30,26
FRA,24,30,30,26,30,29,23,30,30,30,30,30,30,30,28,26,30,30,25,18,30,30,30,27,29,26,30,28,26,27,28,26,24,24,30,30,30,26
FRO,0,30,30,0,30,29,0,0,0,30,0,27,16,17,0,0,0,14,0,3,14,23,30,0,0,0,30,0,0,28,1,0,0,0,30,0,30,0
FSM,24,30,30,21,30,24,23,0,1,30,0,0,30,30,2,21,0,0,24,0,6,28,30,0,29,22,30,2,21,28,0,26,2,2,30,0,30,26
GAB,24,30,30,26,30,24,22,29,30,30,29,30,30,30,2,26,30,20,24,14,20,29,30,0,29,26,30,2,26,27,3,26,7,3,30,30,30,26
GBR,24,30,30,26,30,29,23,30,30,30,30,30,30,30,27,26,30,30,25,18,30,30,30,27,29,26,30,27,26,27,28,26,23,24,30,30,30,26
GEO,24,30,30,26,30,24,23,29,28,30,29,30,30,30,29,26,30,28,24,16,28,30,30,27,29,26,30,29,26,27,22,26,26,28,30,30,30,26
GHA,24,30,30,26,30,29,22,29,30,30,29,30,30,30,4,26,30,30,24,13,7,30,30,4,29,26,30,4,26,27,2,26,25,19,30,30,30,26
GIB,0,30,30,0,30,29,0,29,0,30,14,0,0,0,0,0,0,0,0,0,0,17,30,0,0,0,30,0,0,27,0,0,13,0,0,0,30,0
GIN,24,30,30,26,30,25,23,0,29,30,0,30,30,30,4,26,30,30,24,4,29,30,30,0,29,26,30,4,26,28,0,26,12,15,30,30,30,26
GMB,24,30,30,26,30,29,23,4,30,30,4,30,30,30,5,26,30,25,24,14,24,30,30,0,29,26,30,5,26,28,4,26,6,7,30,30,30,26
GNB,24,30,30,26,30,22,23,4,30,30,4,30,30,30,4,26,30,27,24,1,23,28,30,0,29,26,30,4,26,28,0,26,3,2,30,30,30,26
GNQ,24,30,30,26,30,24,23,29,30,30,29,20,30,30,1,26,20,0,24,0,0,28,30,0,29,26,30,1,26,28,0,26,5,1,20,30,30,26
GRC,24,30,30,26,30,29,23,30,30,30,30,30,30,30,24,26,30,29,24,18,26,30,30,27,29,26,30,24,26,27,24,26,22,21,30,30,30,26
GRD,24,30,30,26,30,26,23,4,30,30,4,0,30,30,1,26,0,0,24,15,30,30,30,0,29,26,30,1,26,28,0,26,18,5,0,0,30,26
GRL,0,30,30,16,30,29,0,0,0,30,0,21,29,29,0,16,21,0,0,12,0,23,30,0,29,16,30,0,16,28,4,16,0,0,21,0,30,16
GTM,24,30,30,26,30,29,22,29,30,30,29,30,30,30,5,26,30,30,24,18,30,30,30,27,29,26,30,5,26,27,19,26,29,12,30,30,30,26
GUM,0,30,30,21,30,29,0,0,0,30,0,0,20,0,0,21,0,0,0,0,0,23,30,0,29,21,30,0,21,28,3,21,0,0,21,30,30,21
GUY,24,30,30,26,30,29,23,4,30,30,4,11,30,30,1,26,11,11,24,18,25,29,30,4,29,26,30,1,26,28,0,26,14,15,11,30,30,26
HKG,0,30,30,26,30,29,22,29,30,30,29,30,30,30,0,26,30,27,0,18,26,30,30,27,0,26,30,0,26,27,27,26,23,22,30,30,30,26
HND,24,30,30,26,30,29,22,29,30,30,29,30,30,30,26,26,30,30,24,15,30,30,30,14,29,26,30,26,26,27,9,26,17,19,30,30,30,26
HRV,24,30,30,26,30,29,23,29,30,30,29,30,30,30,21,26,30,26,24,18,30,30,30,27,29,26,30,21,26,27,25,26,22,23,30,30,30,26
HTI,24,30,30,26,30,29,22,29,30,30,29,30,30,30,2,26,25,30,24,0,28,28,30,5,29,26,30,2,26,27,0,26,0,0,30,30,30,26
HUN,24,30,30,26,30,29,23,30,30,30,30,30,30,30,20,26,30,30,24,18,30,30,30,27,29,26,30,20,26,27,28,26,24,24,30,30,30,26
IDN,24,30,30,26,30,29,22,29,30,30,29,30,30,30,28,26,30,30,24,15,30,30,30,26,29,26,30,28,26,27,9,26,30,29,30,30,30,26
IMN,0,0,0,0,30,29,0,0,0,30,0,0,29,0,0,0,0,0,0,0,0,0,30,0,0,0,30,0,0,21,0,0,0,0,0,0,30,0
IND,24,30,30,26,30,29,22,29,30,30,29,30,30,30,4,26,30,30,24,16,25,30,30,27,29,26,30,4,26,27,25,26,29,28,30,30,30,26
IRL,24,30,30,26,30,29,23,30,30,30,30,30,30,30,25,26,30,20,25,18,20,30,30,6,29,26,30,25,26,27,28,26,21,22,30,30,30,26
IRN,24,30,30,26,30,24,22,29,30,30,29,30,30,30,17,26,30,6,24,11,0,30,30,26,29,26,30,17,26,27,15,26,24,26,30,30,30,26
IRQ,24,30,30,26,30,24,22,29,28,30,19,30,30,30,3,26,30,20,21,0,19,24,30,7,29,26,30,3,26,27,13,26,7,5,30,30,30,26
ISL,24,30,30,26,30,29,23,30,30,30,30,30,30,30,17,26,30,30,25,18,16,30,30,27,29,26,30,17,26,27,24,26,28,29,30,30,30,26
ISR,24,30,30,26,30,29,23,30,30,30,27,30,30,30,23,26,30,30,24,18,30,30,30,27,29,26,30,23,26,27,28,26,24,24,30,30,30,26
ITA,24,30,30,26,30,29,23,30,30,30,30,30,30,30,25,26,30,30,25,18,30,30,30,17,29,26,30,25,26,27,28,26,23,23,30,30,30,26
JAM,24,30,30,26,30,29,22,29,30,30,29,0,30,30,6,26,0,0,24,16,30,30,30,25,29,26,30,6,26,27,2,26,24,15,0,30,30,26
JOR,24,30,30,26,30,29,22,29,30,30,29,13,30,30,5,26,13,13,24,17,11,30,30,22,29,26,30,5,26,27,3,26,23,25,13,30,30,26
JPN,24,30,30,26,30,29,23,30,30,30,30,30,30,30,13,26,30,29,24,18,29,30,30,27,29,26,30,13,26,27,28,26,11,11,30,30,30,26
KAZ,24,30,30,26,30,29,22,29,30,30,26,30,30,30,22,26,30,30,24,16,30,30,30,24,29,26,30,22,26,27,28,26,20,20,30,30,30,26
KEN,24,30,30,26,30,29,22,30,30,30,30,30,30,30,6,26,30,30,24,14,30,30,30,24,29,26,30,6,26,27,5,26,16,12,30,30,30,26
KGZ,24,30,30,26,30,27,23,29,30,30,29,30,30,30,26,26,30,30,24,17,30,27,30,23,29,26,30,26,26,27,28,26,26,30,30,30,30,26
KHM,24,30,30,26,30,26,22,29,30,30,29,30,30,30,0,26,30,30,24,18,30,28,30,4,29,26,30,0,26,27,2,26,18,24,30,30,30,26
KIR,24,30,30,21,30,24,23,4,30,30,4,19,30,30,3,21,19,19,24,7,9,27,30,0,29,22,30,3,21,28,0,26,17,1,30,0,30,26
KNA,24,30,30,21,30,29,23,4,30,30,4,0,30,30,0,21,0,0,24,9,30,29,30,0,29,22,30,0,21,28,0,26,23,3,0,0,30,26
KOR,24,30,30,26,30,29,23,30,30,30,30,30,30,30,11,26,30,30,25,18,30,30,30,27,29,26,30,11,26,27,28,26,25,25,30,30,30,26
KWT,24,30,30,26,30,29,22,29,30,30,15,30,30,30,0,26,15,30,24,14,21,30,30,2,29,26,30,0,26,27,27,26,20,16,30,30,30,26
LAO,24,30,30,26,30,29,23,24,30,30,24,17,30,30,6,26,17,17,24,14,24,27,30,9,29,26,30,6,26,28,1,26,30,29,22,30,30,26
LBN,0,30,30,26,30,24,22,29,30,30,29,30,30,29,2,26,30,22,24,18,22,30,30,3,29,26,30,2,26,27,0,26,30,26,30,29,30,26
LBR,24,30,30,26,30,17,23,0,30,30,0,0,30,30,3,26,0,0,24,7,0,28,30,0,29,26,30,3,26,28,0,26,6,4,0,30,30,26
LBY,0,30,30,26,30,24,22,29,21,30,18,30,30,30,0,26,30,29,24,1,24,26,30,2,29,26,30,0,26,27,0,26,4,5,30,30,30,26
LCA,24,30,30,21,30,24,23,4,30,30,4,0,30,30,2,21,0,0,24,9,30,30,30,3,29,26,30,2,21,28,2,26,26,20,0,30,30,26
LIE,0,0,0,26,30,29,0,0,19,30,0,0,15,0,0,26,0,0,11,0,0,24,30,0,0,26,30,0,26,28,2,26,18,18,0,0,30,26
LKA,24,30,30,26,30,24,22,29,30,30,29,25,30,30,7,26,25,25,24,16,25,30,30,25,29,26,30,7,26,27,14,26,13,14,25,30,30,26
LSO,24,30,30,26,30,24,23,4,30,30,4,18,30,30,2,26,18,18,24,10,25,29,30,4,29,26,30,2,26,28,7,26,23,15,18,30,30,26
LTU,24,30,30,26,30,29,23,30,30,30,29,30,30,30,27,26,30,30,25,18,30,29,30,27,29,26,30,27,26,27,28,26,24,24,30,30,30,26
LUX,24,30,30,26,30,29,23,30,23,30,30,30,30,30,29,26,30,26,25,18,26,30,30,27,29,26,30,29,26,27,22,26,23,17,30,30,30,26
LVA,24,30,30,26,30,29,23,30,30,30,30,30,30,30,26,26,30,30,24,18,22,29,30,27,29,26,30,26,26,27,28,26,24,24,30,30,30,26
MAC,0,30,30,26,30,29,23,0,30,30,0,30,30,30,0,26,30,23,0,17,23,30,30,14,0,26,30,0,26,28,24,26,24,24,30,30,30,26
MAF,0,0,0,0,30,29,0,0,0,30,0,0,7,0,0,0,0,0,0,0,0,0,30,0,0,0,30,0,0,0,0,0,0,0,0,0,30,0
MAR,24,30,30,26,30,29,23,29,30,30,29,30,30,30,4,26,30,30,24,9,28,30,30,22,29,26,30,4,26,27,6,26,26,29,30,30,30,26
MCO,24,0,0,10,30,29,0,0,0,30,0,0,30,0,0,10,0,0,24,0,0,24,30,27,29,22,30,0,10,0,2,26,9,2,0,0,30,26
MDA,24,30,30,26,30,29,23,29,30,30,29,30,30,30,27,26,30,30,24,16,30,30,30,27,29,26,30,27,26,27,24,26,15,15,30,30,30,26
MDG,24,30,30,26,30,29,23,29,30,30,29,30,30,30,7,26,30,30,24,18,30,29,30,25,29,26,30,7,26,28,18,26,14,29,30,30,30,26
MDV,24,30,30,26,30,24,23,4,30,30,4,11,30,30,4,26,11,11,24,7,18,30,30,0,29,26,30,4,26,28,0,26,23,9,11,30,30,26
MEX,24,30,30,26,30,29,23,30,30,30,30,30,30,30,16,26,30,30,24,17,30,30,30,27,29,26,30,16,26,27,29,26,25,25,30,30,30,26
MHL,24,30,30,20,30,25,23,4,25,30,4,21,30,30,1,20,21,20,24,0,15,28,30,0,29,22,30,1,20,28,0,26,17,7,30,0,30,26
MKD,24,30,30,26,30,29,23,29,30,30,29,30,30,30,19,26,30,29,24,18,29,30,30,21,29,26,30,19,26,27,28,26,26,27,30,30,30,26
MLI,24,30,30,26,30,28,23,0,30,30,0,30,30,30,5,26,30,30,24,12,29,29,30,0,29,26,30,5,26,28,7,26,22,16,30,30,30,26
MLT,24,30,30,26,30,29,23,29,30,30,20,30,30,30,18,26,30,30,24,18,30,30,30,23,29,26,30,18,26,27,22,26,22,23,30,30,30,26
MMR,24,30,30,26,30,24,22,29,30,30,29,0,30,30,2,26,0,0,24,15,12,21,30,0,29,26,30,2,26,27,13,26,17,7,0,30,30,26
MNE,24,0,0,25,30,29,18,19,18,30,19,25,27,28,17,19,25,18,13,17,18,21,30,11,29,25,30,17,19,17,13,25,19,24,25,30,30,25
MNG,24,30,30,26,30,24,22,29,30,30,29,30,30,30,11,26,30,30,24,12,30,28,30,21,29,26,30,11,26,27,26,26,20,30,30,30,30,26
MNP,0,30,30,0,30,29,0,0,0,30,0,0,20,0,0,0,0,0,0,0,0,0,30,0,29,0,30,0,0,28,0,0,0,0,21,0,30,0
MOZ,24,30,30,26,30,27,22,29,30,30,29,30,30,30,6,26,0,20,24,13,20,29,30,17,29,26,30,6,26,27,5,26,18,22,30,30,30,26
MRT,24,30,30,26,30,24,23,0,30,30,0,30,30,30,6,26,30,17,24,7,13,28,30,0,29,26,30,6,26,28,1,26,25,24,30,30,30,26
MUS,24,30,30,26,30,29,22,29,30,30,29,30,30,30,3,26,30,30,24,17,25,29,30,16,29,26,30,3,26,27,18,26,26,29,30,30,30,26
MWI,24,30,30,26,30,29,23,0,30,30,0,8,30,30,5,26,0,8,24,17,22,28,30,8,29,26,30,5,26,28,1,26,27,20,8,30,30,26
MYS,24,30,30,26,30,24,22,29,30,30,28,30,30,30,10,26,30,30,24,16,26,30,30,27,29,26,30,10,26,27,17,26,30,28,30,30,30,26
NAM,24,30,30,26,30,29,22,29,30,30,29,30,30,30,3,26,30,30,24,18,30,30,30,5,29,26,30,3,26,27,3,26,28,20,30,30,30,26
NCL,0,30,30,4,30,29,23,0,25,30,0,27,13,0,0,0,27,15,0,8,15,22,30,0,0,7,30,0,0,28,0,7,1,0,30,30,30,7
NER,24,30,30,26,30,29,22,29,30,30,28,30,30,30,6,26,30,30,24,16,30,29,30,0,29,26,30,6,26,27,0,26,24,15,30,30,30,26
NGA,24,30,30,26,30,29,22,29,30,30,29,0,30,30,7,26,0,0,24,16,20,29,30,8,29,26,30,7,26,27,2,26,21,6,0,30,30,26
NIC,24,30,30,26,30,29,22,29,30,30,29,30,30,30,5,26,19,30,24,18,30,30,30,8,29,26,30,5,26,27,7,26,13,4,30,30,30,26
NLD,24,30,30,26,30,29,23,30,30,30,30,30,30,30,19,26,30,30,25,18,30,30,30,27,29,26,30,19,26,27,28,26,21,19,30,30,30,26
NOR,24,30,30,26,30,29,23,30,30,30,30,30,30,30,23,26,30,30,24,18,25,30,30,27,29,26,30,23,26,27,25,26,24,24,30,30,30,26
NPL,24,30,30,26,30,28,22,29,29,30,29,30,30,30,4,26,30,30,24,14,23,30,30,8,29,26,30,4,26,27,3,26,26,26,30,30,30,26
NRU,24,30,30,18,30,29,19,0,7,30,0,0,30,30,1,18,0,0,24,0,0,9,30,0,29,22,30,1,18,28,0,26,17,0,17,0,30,26
NZL,24,30,30,26,30,29,23,30,30,30,30,30,30,30,0,26,30,25,25,18,25,30,30,27,29,26,30,0,26,27,14,26,25,12,30,30,30,26
OMN,24,30,30,26,30,29,22,29,30,30,20,30,30,30,0,26,30,30,24,12,29,29,30,7,29,26,30,0,26,27,14,26,26,23,30,30,30,26
PAK,24,30,30,26,30,26,22,29,30,30,29,30,30,30,12,26,30,30,24,17,30,26,30,26,29,26,30,12,26,27,16,26,21,22,30,30,30,26
PAN,24,30,30,26,30,29,22,29,30,30,29,30,30,30,27,26,30,30,24,17,30,30,30,13,29,26,30,27,26,27,29,26,19,24,30,30,30,26
PER,24,30,30,26,30,29,22,29,30,30,29,30,30,30,28,26,30,30,24,17,30,30,30,25,29,26,30,28,26,27,21,26,30,13,30,30,30,26
PHL,24,30,30,26,30,29,22,29,30,30,29,30,30,30,10,26,25,30,24,8,26,30,30,27,29,26,30,10,26,27,11,26,25,27,30,30,30,26
PLW,24,30,30,17,30,29,23,0,26,30,0,20,30,29,0,17,20,19,24,5,19,6,30,0,29,22,30,0,17,28,0,26,14,7,20,0,30,26
PNG,24,30,30,26,30,28,23,0,30,30,0,10,30,30,2,26,10,10,24,7,22,29,30,2,29,26,30,2,26,28,1,26,8,4,10,30,30,26
POL,24,30,30,26,30,29,23,30,30,30,30,30,30,30,28,26,30,30,25,18,30,30,30,27,29,26,30,28,26,27,28,26,24,24,30,30,30,26
PRI,0,30,30,26,30,29,23,0,0,30,0,30,30,30,0,26,30,0,0,0,0,27,30,0,29,26,30,0,26,28,3,26,11,17,30,30,30,26
PRK,24,30,30,26,30,15,22,29,0,30,29,0,0,0,0,26,0,0,0,0,0,8,30,11,29,26,30,0,26,27,0,26,1,4,0,30,30,26
PRT,24,30,30,26,30,29,23,30,30,30,30,30,30,30,21,26,30,30,25,18,30,30,30,27,29,26,30,21,26,27,28,26,23,9,30,30,30,26
PRY,24,30,30,26,30,29,22,29,30,30,29,30,30,30,27,26,30,30,24,18,30,29,30,15,29,26,30,27,26,27,19,26,24,13,30,30,30,26
PSE,0,0,0,26,30,27,23,0,30,30,0,30,30,30,9,26,30,30,24,17,25,23,30,0,29,26,30,9,26,28,5,26,28,28,30,28,30,26
PYF,0,30,30,4,30,29,23,0,30,30,0,20,30,0,0,0,20,12,0,16,15,22,30,0,0,6,30,0,0,28,0,6,0,0,26,30,30,6
QAT,24,30,30,26,30,29,22,29,30,30,17,28,30,30,1,26,0,12,24,15,14,30,30,8,29,26,30,1,26,27,4,26,28,29,28,30,30,26
ROU,24,30,30,26,30,29,23,29,30,30,29,30,30,30,28,26,30,30,24,18,30,30,30,27,29,26,30,28,26,27,28,26,23,23,30,30,30,26
RUS,24,30,30,26,30,29,22,29,30,30,29,30,30,30,28,26,30,30,24,15,30,30,30,27,29,26,30,28,26,27,29,26,25,29,30,30,30,26
RWA,24,30,30,26,30,27,23,29,30,30,29,30,30,30,6,26,30,15,24,14,15,28,30,7,29,26,30,6,26,28,3,26,25,25,30,30,30,26
SAU,24,30,30,26,30,29,22,29,30,30,27,30,30,30,0,26,30,30,24,18,20,30,30,24,29,26,30,0,26,27,16,26,14,29,30,30,30,26
SDN,24,30,30,26,30,29,22,29,29,30,29,30,30,30,2,26,30,28,24,7,26,14,30,20,29,26,30,2,26,27,7,26,19,17,30,28,30,26
SEN,24,30,30,26,30,29,22,29,30,30,29,30,30,30,5,26,30,29,24,17,28,30,30,0,29,26,30,5,26,27,3,26,22,23,30,30,30,26
SGP,24,30,30,26,30,29,22,29,30,30,22,30,30,30,0,26,30,30,24,18,30,30,30,27,29,26,30,0,26,27,27,26,8,11,30,30,30,26
SLB,24,30,30,26,30,25,23,4,30,30,4,30,30,30,2,21,30,30,24,4,27,30,30,0,29,26,30,2,21,28,0,26,10,0,30,30,30,26
SLE,24,30,30,26,30,24,23,0,30,30,0,30,30,30,3,26,30,30,24,5,22,30,30,0,29,26,30,3,26,28,0,26,12,3,30,30,30,26
SLV,24,30,30,26,30,29,22,29,29,30,29,30,30,30,27,26,30,30,24,18,30,29,30,8,29,26,30,27,26,27,18,26,27,29,30,30,30,26
SMR,24,0,0,10,30,29,0,0,3,30,0,9,26,27,0,10,9,7,24,0,0,23,30,9,29,22,30,0,10,0,0,26,15,12,9,0,30,26
SOM,24,30,30,26,30,24,23,0,30,30,0,13,30,30,0,26,13,0,11,0,0,27,30,0,29,26,30,0,26,28,0,26,2,0,13,30,30,26
SRB,24,0,0,26,30,29,23,29,18,30,29,30,29,30,21,26,30,18,24,1,18,21,30,18,29,26,30,21,26,27,28,26,24,24,30,30,30,26
SSD,24,0,0,15,30,17,10,12,4,30,12,8,7,0,2,14,8,2,7,0,10,8,29,0,29,14,30,2,14,10,0,14,3,0,8,29,30,14
STP,24,30,30,26,30,24,23,4,30,30,4,17,30,30,3,26,17,17,24,13,28,27,30,0,29,26,30,3,26,28,0,26,14,5,17,30,30,26
SUR,24,30,30,26,30,25,22,24,30,30,23,5,30,30,2,26,5,5,24,15,14,26,30,0,29,26,30,2,26,22,0,26,20,7,5,30,30,26
SVK,24,30,30,26,30,29,23,30,30,30,30,30,30,30,21,26,30,30,24,18,26,30,30,27,29,26,30,21,26,27,28,26,24,24,30,30,30,26
SVN,24,30,30,26,30,29,23,30,30,30,30,30,30,30,25,26,30,30,25,18,30,30,30,20,29,26,30,25,26,27,28,26,23,23,30,30,30,26
SWE,24,30,30,26,30,29,23,30,30,30,30,30,30,30,25,26,30,30,25,18,30,30,30,27,29,26,30,25,26,27,24,26,24,24,30,30,30,26
SWZ,24,30,30,26,30,24,23,29,30,30,29,12,30,30,3,26,12,12,24,16,30,30,30,0,29,26,30,3,26,28,1,26,20,9,12,30,30,26
SXM,0,0,0,0,30,29,11,0,14,30,0,0,15,16,0,0,0,0,0,0,13,0,30,0,0,0,30,0,0,11,0,0,2,6,0,0,30,0
SYC,24,30,30,26,30,29,23,4,30,30,4,30,30,30,4,26,30,30,24,12,30,28,30,1,29,26,30,4,26,28,6,26,29,14,30,0,30,26
SYR,24,30,30,26,30,24,0,29,17,30,29,0,28,28,5,26,28,16,24,3,8,24,30,18,29,26,30,5,26,27,2,26,24,16,28,30,30,26
TCA,0,30,30,0,30,29,12,0,11,30,0,0,17,18,0,0,0,0,0,2,0,0,30,0,0,0,30,0,0,28,0,0,17,10,0,0,30,0
TCD,24,30,30,26,30,27,23,29,30,30,29,30,30,30,4,26,30,0,24,0,0,28,30,0,29,26,30,4,26,28,1,26,28,15,30,30,30,26
TGO,24,30,30,26,30,26,22,29,30,30,29,29,30,30,5,26,29,26,24,17,25,30,30,0,29,26,30,5,26,27,4,26,16,16,29,30,30,26
THA,24,30,30,26,30,24,22,29,30,30,29,30,30,30,25,26,30,30,24,18,30,30,30,27,29,26,30,25,26,27,25,26,27,30,30,30,30,26
TJK,24,30,30,26,30,25,22,29,30,30,29,30,30,30,10,26,30,23,24,8,23,26,30,18,29,26,30,10,26,27,20,26,21,25,30,30,30,26
TKM,24,30,30,26,30,24,22,29,30,30,9,14,30,30,1,26,29,0,24,0,0,18,30,4,29,26,30,1,26,27,9,26,6,7,30,30,30,26
TLS,24,30,30,23,30,24,21,4,21,30,4,25,30,30,3,23,25,19,21,4,19,18,30,0,29,24,30,3,23,21,0,24,18,4,25,30,30,26
TON,24,30,30,21,30,29,23,4,30,30,4,30,30,29,4,21,30,24,24,14,22,30,30,0,29,22,30,4,21,28,0,26,23,7,30,30,30,26
TTO,24,30,30,26,30,24,22,29,30,30,20,24,30,30,0,26,24,0,24,18,29,30,30,16,29,26,30,0,26,27,27,26,3,7,0,30,30,26
TUN,24,30,30,26,30,29,23,29,30,30,29,30,30,30,6,26,30,30,24,16,30,28,30,24,29,26,30,6,26,27,18,26,21,29,30,30,30,26
TUR,24,30,30,26,30,24,23,30,30,30,30,30,30,30,22,26,30,30,24,18,22,30,30,27,29,26,30,22,26,27,28,26,27,27,30,30,30,26
TUV,24,30,30,21,30,24,23,0,23,30,0,0,29,29,1,21,0,0,24,0,22,18,30,0,29,22,30,1,21,28,0,26,12,1,0,0,30,26
TZA,24,30,30,26,30,29,22,29,30,30,29,30,30,30,4,26,30,30,24,17,30,29,30,1,29,26,30,4,26,27,3,26,13,25,30,30,30,26
UGA,24,30,30,26,30,29,23,29,30,30,29,30,30,30,8,26,30,30,24,17,26,30,30,14,29,26,30,8,26,28,11,26,4,15,30,30,30,26
UKR,24,30,30,26,30,29,22,29,30,30,29,30,30,30,22,26,30,30,22,14,30,30,30,27,29,26,30,22,26,27,28,26,25,28,30,27,30,26
URY,24,30,30,26,30,29,22,29,30,30,29,30,30,30,29,26,30,30,24,18,30,30,30,21,29,26,30,29,26,27,25,26,28,27,30,30,30,26
USA,24,30,30,26,30,29,23,30,30,30,30,30,30,30,30,26,30,30,24,18,30,30,30,27,29,26,30,30,26,27,28,26,15,15,30,30,30,26
UZB,24,30,30,26,30,28,22,29,30,30,9,30,30,30,8,26,30,20,24,8,20,30,30,27,29,26,30,8,26,27,25,26,25,26,28,30,30,26
VCT,24,30,30,21,30,29,23,4,30,30,4,0,30,30,0,21,0,0,24,15,30,30,30,0,29,26,30,0,21,28,2,26,20,13,0,30,30,26
VEN,24,30,30,26,30,29,22,29,30,30,29,30,30,0,9,26,30,22,6,0,22,28,30,19,29,26,30,9,26,27,10,26,22,6,30,30,30,26
VGB,0,30,30,0,30,29,0,0,0,30,0,0,0,0,0,0,0,0,0,0,0,7,30,0,0,0,30,0,0,28,0,0,25,15,0,0,30,0
VIR,0,30,30,21,30,29,0,0,0,30,0,0,20,21,0,21,0,0,0,0,0,23,30,0,29,21,30,0,21,28,6,21,2,0,21,30,30,14
VNM,24,30,30,26,30,27,22,29,30,30,29,30,30,30,12,26,30,29,24,16,0,29,30,27,29,26,30,12,26,27,8,26,9,27,30,30,30,26
VUT,24,30,30,26,30,29,23,4,30,30,4,30,30,30,2,21,30,28,24,0,27,20,30,0,29,26,30,2,21,28,0,26,12,6,30,30,30,26
WSM,24,30,30,26,30,29,23,4,30,30,4,16,30,30,3,26,16,16,24,15,21,18,30,5,29,26,30,3,26,28,0,26,20,11,23,30,30,26
XKX,0,0,0,24,30,5,0,15,17,30,15,17,16,17,17,19,17,17,0,0,16,2,30,0,0,23,30,17,17,0,0,24,0,0,17,0,30,26
YEM,24,30,30,26,30,29,22,29,24,30,29,24,24,0,3,26,24,12,24,7,12,22,30,21,29,26,30,3,26,27,0,26,11,12,24,30,30,26
ZAF,24,30,30,26,30,28,22,29,30,30,29,30,30,30,6,26,30,30,24,18,30,30,30,27,29,26,30,6,26,27,22,26,25,12,30,30,30,26
ZMB,24,30,30,26,30,29,22,29,30,30,29,15,30,30,8,26,15,15,24,17,28,30,30,24,29,26,30,8,26,27,7,26,1,4,30,30,30,26
ZWE,24,30,30,26,30,29,22,29,30,30,29,30,30,30,3,26,30,16,14,17,16,30,30,4,29,26,30,3,26,27,0,26,10,6,30,30,30,26
