region_id,label,year,e0,imr,e65,exp_death_65,s_to_65,adult_gap_65
BEL,Belgium,1842,38.67,157.01,11.34,76.34,0.298,37.67
BEL,Belgium,1846,37.86,173.09,10.45,75.45,0.2749,37.59
BEL,Belgium,1847,35.13,160.72,9.58,74.58,0.2165,39.449999999999996
BEL,Belgium,1848,38.05,141.55,9.97,74.97,0.2597,36.92
BEL,Belgium,1849,34.51,152.04,10.17,75.17,0.2141,40.660000000000004
BEL,Belgium,1854,39.78,153.4,10.81,75.81,0.3098,36.03
BEL,Belgium,1855,37.46,167.14,9.88,74.88,0.2832,37.419999999999995
BEL,Belgium,1859,38.97,171.18,11.1,76.1,0.2978,37.129999999999995
BEL,Belgium,1864,39.8,163.21,10.67,75.67,0.32,35.870000000000005
BEL,Belgium,1865,37.73,185.64,11.22,76.22,0.2992,38.49
BEL,Belgium,1866,32.47,168.02,10.07,75.07,0.1924,42.599999999999994
BEL,Belgium,1871,34.36,166.69,10.48,75.48,0.2487,41.120000000000005
CHE,Switzerland,1877,39.99,209.78,9.78,74.78,0.3006,34.79
DNK,Denmark,1835,38.42,184.85,11.45,76.45,0.2852,38.03
DNK,Denmark,1849,39.57,185.09,10.64,75.64,0.2923,36.07
DNK,Denmark,1853,38.57,191.84,9.93,74.93,0.2594,36.36000000000001
DNK,Denmark,1865,39.8,146.35,11.26,76.26,0.3145,36.46000000000001
ESP,ESP,1911,39.79,175.48,10.19,75.19,0.3283,35.4
ESP,ESP,1918,30.36,178.11,9.28,74.28,0.179,43.92
ESP,ESP,1920,39.38,180.87,10.3,75.3,0.3189,35.919999999999995
FIN,Finland,1878,39.34,173.34,10.31,75.31,0.3104,35.97
FIN,Finland,1880,39.7,163.0,9.98,74.98,0.3065,35.28
FIN,Finland,1881,37.7,179.74,10.12,75.12,0.3005,37.42
FIN,Finland,1892,39.77,152.87,10.0,75.0,0.3229999999999999,35.23
FIN,Finland,1918,32.85,113.62,10.17,75.17,0.166,42.32
FRANCE:_CIVILIAN_POPULATION,FRANCE: CIVILIAN POPULATION,1817,39.23,175.82,10.82,75.82,0.2874,36.589999999999996
FRANCE:_CIVILIAN_POPULATION,FRANCE: CIVILIAN POPULATION,1818,38.6,176.79,11.07,76.07,0.2858,37.46999999999999
FRANCE:_CIVILIAN_POPULATION,FRANCE: CIVILIAN POPULATION,1819,37.32,187.85,11.19,76.19,0.2772,38.87
FRANCE:_CIVILIAN_POPULATION,FRANCE: CIVILIAN POPULATION,1820,39.28,173.56,10.72,75.72,0.2941,36.44
FRANCE:_CIVILIAN_POPULATION,FRANCE: CIVILIAN POPULATION,1821,39.88,174.26,11.53,76.53,0.3115,36.65
FRANCE:_CIVILIAN_POPULATION,FRANCE: CIVILIAN POPULATION,1822,38.37,194.3,11.38,76.38,0.299,38.01
FRANCE:_CIVILIAN_POPULATION,FRANCE: CIVILIAN POPULATION,1824,39.21,188.53,11.57,76.57,0.3112,37.35999999999999
FRANCE:_CIVILIAN_POPULATION,FRANCE: CIVILIAN POPULATION,1825,38.58,182.87,11.4,76.4,0.2982,37.82000000000001
FRANCE:_CIVILIAN_POPULATION,FRANCE: CIVILIAN POPULATION,1826,37.8,182.12,10.86,75.86,0.2863,38.06
FRANCE:_CIVILIAN_POPULATION,FRANCE: CIVILIAN POPULATION,1827,39.41,178.36,11.1,76.1,0.3,36.69
FRANCE:_CIVILIAN_POPULATION,FRANCE: CIVILIAN POPULATION,1828,37.6,184.81,10.89,75.89,0.2829,38.29
FRANCE:_CIVILIAN_POPULATION,FRANCE: CIVILIAN POPULATION,1829,39.44,172.75,10.65,75.65,0.2999,36.21000000000001
FRANCE:_CIVILIAN_POPULATION,FRANCE: CIVILIAN POPULATION,1830,39.63,169.62,10.65,75.65,0.3026,36.02
FRANCE:_CIVILIAN_POPULATION,FRANCE: CIVILIAN POPULATION,1831,39.73,165.35,10.91,75.91,0.3107,36.18
FRANCE:_CIVILIAN_POPULATION,FRANCE: CIVILIAN POPULATION,1832,35.87,177.1,9.86,74.86,0.2362999999999999,38.99
FRANCE:_CIVILIAN_POPULATION,FRANCE: CIVILIAN POPULATION,1833,38.88,172.55,10.99,75.99,0.2955,37.10999999999999
FRANCE:_CIVILIAN_POPULATION,FRANCE: CIVILIAN POPULATION,1834,35.09,202.94,10.7,75.7,0.2567,40.61
FRANCE:_CIVILIAN_POPULATION,FRANCE: CIVILIAN POPULATION,1835,39.52,168.74,10.95,75.95,0.2996999999999999,36.43
FRANCE:_CIVILIAN_POPULATION,FRANCE: CIVILIAN POPULATION,1837,39.42,164.78,9.88,74.88,0.2907,35.459999999999994
FRANCE:_CIVILIAN_POPULATION,FRANCE: CIVILIAN POPULATION,1838,39.37,167.14,10.8,75.8,0.3028,36.43
FRANCE:_CIVILIAN_POPULATION,FRANCE: CIVILIAN POPULATION,1849,35.95,171.4,10.28,75.28,0.2433,39.33
FRANCE:_CIVILIAN_POPULATION,FRANCE: CIVILIAN POPULATION,1854,36.16,173.67,9.88,74.88,0.2445,38.72
FRANCE:_CIVILIAN_POPULATION,FRANCE: CIVILIAN POPULATION,1855,37.56,162.78,10.13,75.13,0.2738,37.56999999999999
FRANCE:_CIVILIAN_POPULATION,FRANCE: CIVILIAN POPULATION,1857,39.6,180.17,10.83,75.83,0.3094,36.23
FRANCE:_CIVILIAN_POPULATION,FRANCE: CIVILIAN POPULATION,1858,39.71,174.85,10.41,75.41,0.3064,35.699999999999996
FRANCE:_CIVILIAN_POPULATION,FRANCE: CIVILIAN POPULATION,1859,35.32,210.03,10.53,75.53,0.2664,40.21
FRANCE:_CIVILIAN_POPULATION,FRANCE: CIVILIAN POPULATION,1870,36.52,186.2,9.81,74.81,0.2571,38.29
FRANCE:_CIVILIAN_POPULATION,FRANCE: CIVILIAN POPULATION,1871,29.74,200.37,9.65,74.65,0.1684,44.91000000000001
FRANCE:_CIVILIAN_POPULATION,FRANCE: CIVILIAN POPULATION,1918,39.95,153.31,11.06,76.06,0.2828,36.11
FRANCE:_TOTAL_POPULATION,France,1817,39.23,175.82,10.82,75.82,0.2874,36.589999999999996
FRANCE:_TOTAL_POPULATION,France,1818,38.6,176.79,11.07,76.07,0.2858,37.46999999999999
FRANCE:_TOTAL_POPULATION,France,1819,37.32,187.85,11.19,76.19,0.2772,38.87
FRANCE:_TOTAL_POPULATION,France,1820,39.28,173.56,10.72,75.72,0.2941,36.44
FRANCE:_TOTAL_POPULATION,France,1821,39.88,174.26,11.53,76.53,0.3115,36.65
FRANCE:_TOTAL_POPULATION,France,1822,38.37,194.3,11.38,76.38,0.299,38.01
FRANCE:_TOTAL_POPULATION,France,1824,39.21,188.53,11.57,76.57,0.3112,37.35999999999999
FRANCE:_TOTAL_POPULATION,France,1825,38.58,182.87,11.4,76.4,0.2982,37.82000000000001
FRANCE:_TOTAL_POPULATION,France,1826,37.8,182.12,10.86,75.86,0.2863,38.06
FRANCE:_TOTAL_POPULATION,France,1827,39.41,178.36,11.1,76.1,0.3,36.69
FRANCE:_TOTAL_POPULATION,France,1828,37.6,184.81,10.89,75.89,0.2829,38.29
FRANCE:_TOTAL_POPULATION,France,1829,39.44,172.75,10.65,75.65,0.2999,36.21000000000001
FRANCE:_TOTAL_POPULATION,France,1830,39.63,169.62,10.65,75.65,0.3026,36.02
FRANCE:_TOTAL_POPULATION,France,1831,39.73,165.35,10.91,75.91,0.3107,36.18
FRANCE:_TOTAL_POPULATION,France,1832,35.87,177.1,9.86,74.86,0.2362999999999999,38.99
FRANCE:_TOTAL_POPULATION,France,1833,38.88,172.55,10.99,75.99,0.2955,37.10999999999999
FRANCE:_TOTAL_POPULATION,France,1834,35.09,202.94,10.7,75.7,0.2567,40.61
FRANCE:_TOTAL_POPULATION,France,1835,39.52,168.74,10.95,75.95,0.2996999999999999,36.43
FRANCE:_TOTAL_POPULATION,France,1837,39.42,164.78,9.88,74.88,0.2907,35.459999999999994
FRANCE:_TOTAL_POPULATION,France,1838,39.37,167.14,10.8,75.8,0.3028,36.43
FRANCE:_TOTAL_POPULATION,France,1849,35.95,171.4,10.28,75.28,0.2433,39.33
FRANCE:_TOTAL_POPULATION,France,1854,36.16,173.67,9.88,74.88,0.2445,38.72
FRANCE:_TOTAL_POPULATION,France,1855,37.56,162.78,10.13,75.13,0.2738,37.56999999999999
FRANCE:_TOTAL_POPULATION,France,1857,39.6,180.17,10.83,75.83,0.3095,36.23
FRANCE:_TOTAL_POPULATION,France,1858,39.71,174.85,10.41,75.41,0.3064,35.699999999999996
FRANCE:_TOTAL_POPULATION,France,1859,35.33,210.03,10.53,75.53,0.2664,40.2
FRANCE:_TOTAL_POPULATION,France,1870,36.52,186.2,9.81,74.81,0.2571,38.29
FRANCE:_TOTAL_POPULATION,France,1871,29.74,200.37,9.65,74.65,0.1684,44.91000000000001
FRANCE:_TOTAL_POPULATION,France,1914,38.23,114.33,10.94,75.94,0.2457,37.71
FRANCE:_TOTAL_POPULATION,France,1915,36.55,109.93,11.0,76.0,0.2202,39.45
FRANCE:_TOTAL_POPULATION,France,1916,39.75,129.97,11.16,76.16,0.2737,36.41
FRANCE:_TOTAL_POPULATION,France,1918,34.84,153.31,11.06,76.06,0.2103,41.22
ISL,Iceland,1838,32.54,308.02,9.79,74.78999999999999,0.2012999999999999,42.24999999999999
ISL,Iceland,1839,28.07,316.38,9.64,74.64,0.1572,46.57
ISL,Iceland,1840,32.08,300.34,11.4,76.4,0.2241,44.32000000000001
ISL,Iceland,1843,25.5,356.04,5.23,70.23,0.0507,44.730000000000004
ISL,Iceland,1846,18.68,534.11,5.58,70.58,0.0527,51.9
ISL,Iceland,1847,33.41,364.93,15.21,80.21000000000001,0.2425,46.80000000000001
ISL,Iceland,1849,37.34,250.1,15.62,80.62,0.3162,43.28
ISL,Iceland,1850,36.74,253.49,15.45,80.45,0.3182999999999999,43.71
ISL,Iceland,1851,30.14,248.75,11.55,76.55,0.2203,46.41
ISL,Iceland,1855,38.24,248.96,8.39,73.39,0.2364,35.15
ISL,Iceland,1857,39.52,225.35,13.32,78.32,0.3309,38.79999999999999
ISL,Iceland,1858,34.88,225.47,11.93,76.93,0.2415,42.050000000000004
ISL,Iceland,1859,29.82,277.18,8.31,73.31,0.1588,43.49
ISL,Iceland,1860,19.84,306.91,7.46,72.46,0.0907,52.61999999999999
ISL,Iceland,1861,27.18,268.08,10.44,75.44,0.1726,48.26
ISL,Iceland,1862,27.1,315.55,6.42,71.42,0.1046,44.32
ISL,Iceland,1863,35.22,222.73,8.31,73.31,0.1812,38.09
ISL,Iceland,1864,34.97,235.65,10.56,75.56,0.2246,40.59
ISL,Iceland,1865,34.24,226.21,10.06,75.06,0.2108,40.82
ISL,Iceland,1866,27.28,274.33,5.66,70.66,0.0838,43.379999999999995
ISL,Iceland,1867,37.67,248.58,12.47,77.47,0.2697,39.8
ISL,Iceland,1868,34.79,257.2,11.52,76.52,0.2214999999999999,41.73
ISL,Iceland,1869,28.17,309.61,8.73,73.73,0.1442999999999999,45.56
ISL,Iceland,1870,38.44,218.48,10.7,75.7,0.2515,37.260000000000005
ISL,Iceland,1871,35.14,246.18,10.57,75.57,0.2259,40.42999999999999
ISL,Iceland,1872,25.31,334.27,10.2,75.2,0.1565,49.89
ISL,Iceland,1873,36.69,196.32,9.18,74.18,0.2084,37.49000000000001
ISL,Iceland,1874,39.63,165.75,12.75,77.75,0.3106,38.12
ISL,Iceland,1875,36.61,180.41,13.2,78.2,0.2731,41.59
ISL,Iceland,1879,39.49,139.76,9.75,74.75,0.2239999999999999,35.26
ISL,Iceland,1881,35.96,224.48,11.8,76.8,0.2758,40.839999999999996
ISL,Iceland,1882,17.94,411.1,10.4,75.4,0.0992,57.46000000000001
ISL,Iceland,1883,29.78,271.23,10.33,75.33,0.1846,45.55
ISL,Iceland,1890,36.76,228.09,9.7,74.7,0.2269,37.940000000000005
ITA,Italy,1872,29.76,233.41,10.19,75.19,0.2122,45.42999999999999
ITA,Italy,1873,31.66,207.17,9.56,74.56,0.2255,42.900000000000006
ITA,Italy,1874,31.81,214.31,9.28,74.28,0.2246999999999999,42.47
ITA,Italy,1875,31.39,218.2,9.66,74.66,0.2244,43.269999999999996
ITA,Italy,1876,33.67,203.88,10.58,75.58,0.2498999999999999,41.91
ITA,Italy,1877,34.96,199.28,10.33,75.33,0.2603999999999999,40.37
ITA,Italy,1878,34.39,199.18,9.98,74.98,0.2517,40.59
ITA,Italy,1879,34.01,207.26,9.78,74.78,0.2487,40.77
ITA,Italy,1880,32.82,213.27,9.3,74.3,0.2307,41.48
ITA,Italy,1881,34.27,219.57,10.35,75.35,0.2666,41.07999999999999
ITA,Italy,1882,34.35,214.4,10.51,75.51,0.2739,41.160000000000004
ITA,Italy,1883,35.23,196.02,10.41,75.41,0.2822,40.18
ITA,Italy,1884,36.67,187.87,10.66,75.66,0.2930999999999999,38.989999999999995
ITA,Italy,1885,36.92,189.75,10.79,75.78999999999999,0.3005,38.86999999999999
ITA,Italy,1886,35.18,193.04,10.5,75.5,0.2706,40.32
ITA,Italy,1887,36.05,195.5,10.67,75.67,0.2853,39.620000000000005
ITA,Italy,1888,37.02,193.5,10.38,75.38,0.2974,38.35999999999999
ITA,Italy,1889,39.13,184.28,10.72,75.72,0.3289,36.589999999999996
ITA,Italy,1890,38.58,189.03,10.26,75.26,0.3173999999999999,36.68000000000001
ITA,Italy,1891,38.55,185.15,10.15,75.15,0.3254999999999999,36.60000000000001
ITA,Italy,1892,38.93,181.96,9.74,74.74,0.3214,35.809999999999995
ITA,Italy,1893,39.88,178.07,10.1,75.1,0.3356,35.21999999999999
ITA,Italy,1895,39.69,184.0,10.39,75.39,0.3337,35.7
ITA,Italy,1916,39.71,145.02,11.31,76.31,0.3265,36.6
ITA,Italy,1917,38.08,142.9,10.93,75.93,0.2935999999999999,37.85000000000001
ITA,Italy,1918,25.82,182.83,9.82,74.82,0.1328,48.99999999999999
NLD,Netherlands,1850,39.84,193.75,11.23,76.23,0.3109,36.39
NLD,Netherlands,1852,38.71,213.48,11.2,76.2,0.3024,37.49
NLD,Netherlands,1853,38.74,193.45,10.15,75.15,0.28,36.410000000000004
NLD,Netherlands,1854,38.72,193.26,10.54,75.53999999999999,0.286,36.81999999999999
NLD,Netherlands,1855,34.58,208.37,9.25,74.25,0.2322,39.67
NLD,Netherlands,1856,38.47,194.67,10.74,75.74,0.2937,37.269999999999996
NLD,Netherlands,1857,35.41,229.03,9.87,74.87,0.2536,39.46000000000001
NLD,Netherlands,1858,34.79,216.17,9.33,74.33,0.2305,39.54
NLD,Netherlands,1859,30.91,244.68,9.42,74.42,0.196,43.510000000000005
NLD,Netherlands,1860,37.0,197.59,10.59,75.59,0.2702,38.59
NLD,Netherlands,1861,36.51,215.98,10.54,75.53999999999999,0.2728,39.029999999999994
NLD,Netherlands,1862,38.37,199.51,10.94,75.94,0.2958,37.57
NLD,Netherlands,1863,38.31,206.39,11.03,76.03,0.301,37.72
NLD,Netherlands,1864,37.65,200.71,10.36,75.36,0.2816,37.71
NLD,Netherlands,1865,36.47,229.99,10.97,75.97,0.2802,39.5
NLD,Netherlands,1866,33.69,203.43,10.31,75.31,0.2191,41.620000000000005
NLD,Netherlands,1867,39.3,208.14,10.96,75.96000000000001,0.3136,36.66000000000001
NLD,Netherlands,1868,37.78,232.43,10.79,75.78999999999999,0.3031,38.00999999999999
NLD,Netherlands,1870,37.54,221.18,10.39,75.39,0.2874,37.85
NLD,Netherlands,1871,33.01,234.79,10.42,75.42,0.2347,42.410000000000004
NLD,Netherlands,1872,36.47,228.32,11.21,76.21000000000001,0.2862,39.74000000000001
NLD,Netherlands,1873,39.27,217.82,10.91,75.91,0.3157999999999999,36.63999999999999
NLD,Netherlands,1875,38.34,228.21,10.43,75.43,0.3,37.09
SWE,Sweden,1751,38.43,195.94,11.01,76.01,0.2830999999999999,37.580000000000005
SWE,Sweden,1752,35.41,220.68,12.55,77.55,0.2787,42.14
SWE,Sweden,1753,39.74,195.63,12.47,77.47,0.3177,37.73
SWE,Sweden,1754,37.5,213.87,11.68,76.68,0.2858,39.18000000000001
SWE,Sweden,1755,36.58,229.99,11.44,76.44,0.2789,39.86
SWE,Sweden,1756,36.25,220.99,11.18,76.18,0.2683,39.93000000000001
SWE,Sweden,1757,33.81,211.11,10.7,75.7,0.233,41.89
SWE,Sweden,1758,32.92,210.45,9.25,74.25,0.1907999999999999,41.33
SWE,Sweden,1759,38.21,194.57,10.7,75.7,0.264,37.49
SWE,Sweden,1760,39.71,192.0,11.41,76.41,0.2805,36.699999999999996
SWE,Sweden,1761,37.83,213.41,11.66,76.66,0.2866,38.83
SWE,Sweden,1762,32.49,242.07,10.36,75.36,0.221,42.87
SWE,Sweden,1763,30.46,244.35,10.09,75.09,0.1939999999999999,44.63
SWE,Sweden,1764,36.3,217.37,10.65,75.65,0.2463,39.35000000000001
SWE,Sweden,1765,35.99,219.12,10.13,75.13,0.2412,39.13999999999999
SWE,Sweden,1766,38.11,219.33,11.05,76.05,0.2836,37.94
SWE,Sweden,1767,38.23,215.82,10.38,75.38,0.273,37.15
SWE,Sweden,1768,35.05,223.64,10.87,75.87,0.2686,40.82000000000001
SWE,Sweden,1769,34.71,219.14,11.14,76.14,0.2673999999999999,41.43
SWE,Sweden,1770,36.66,212.06,10.74,75.74,0.273,39.08
SWE,Sweden,1771,35.43,210.82,9.85,74.85,0.2386,39.419999999999995
SWE,Sweden,1772,27.73,222.02,8.22,73.22,0.1253999999999999,45.489999999999995
SWE,Sweden,1773,17.99,238.56,7.14,72.14,0.0533,54.150000000000006
SWE,Sweden,1775,38.15,193.94,10.74,75.74,0.2859,37.589999999999996
SWE,Sweden,1777,38.13,190.51,10.4,75.4,0.2869,37.27
SWE,Sweden,1778,35.56,209.14,10.63,75.63,0.2804,40.06999999999999
SWE,Sweden,1779,32.82,214.28,11.09,76.09,0.2683,43.27
SWE,Sweden,1781,37.81,184.69,9.81,74.81,0.289,37.0
SWE,Sweden,1782,36.66,182.43,8.94,73.94,0.2557,37.28
SWE,Sweden,1783,33.72,193.32,9.95,74.95,0.2466,41.230000000000004
SWE,Sweden,1784,31.44,196.97,10.2,75.2,0.2271999999999999,43.760000000000005
SWE,Sweden,1785,33.48,193.45,9.8,74.8,0.2453,41.32
SWE,Sweden,1786,37.9,207.61,9.66,74.66,0.2595,36.76
SWE,Sweden,1788,36.82,214.45,10.1,75.1,0.2672,38.279999999999994
SWE,Sweden,1789,31.23,218.99,9.93,74.93,0.1816,43.7
SWE,Sweden,1790,33.6,201.33,9.93,74.93,0.2133,41.330000000000005
SWE,Sweden,1791,38.45,191.87,9.67,74.67,0.2658,36.22
SWE,Sweden,1792,39.84,207.56,10.53,75.53,0.3128,35.69
SWE,Sweden,1793,39.64,199.79,10.52,75.52,0.3063,35.879999999999995
SWE,Sweden,1795,36.55,198.04,9.07,74.07,0.2506,37.519999999999996
SWE,Sweden,1796,38.88,202.17,10.42,75.42,0.3079,36.54
SWE,Sweden,1799,39.34,194.81,9.51,74.51,0.2884,35.17
SWE,Sweden,1800,32.19,227.06,8.73,73.73,0.2092,41.540000000000006
SWE,Sweden,1801,36.91,209.21,9.98,74.98,0.267,38.07000000000001
SWE,Sweden,1804,39.7,190.35,9.69,74.69,0.2811,34.989999999999995
SWE,Sweden,1806,36.2,221.47,10.04,75.03999999999999,0.2559,38.83999999999999
SWE,Sweden,1807,38.77,190.21,9.54,74.53999999999999,0.2633,35.76999999999999
SWE,Sweden,1808,30.19,217.42,8.63,73.63,0.1625,43.44
SWE,Sweden,1809,26.91,208.31,8.08,73.08,0.1106,46.17
SWE,Sweden,1810,31.99,204.88,8.84,73.84,0.1851,41.85000000000001
SWE,Sweden,1811,34.59,204.37,9.66,74.66,0.2176,40.06999999999999
SWE,Sweden,1812,35.11,201.43,8.43,73.43,0.201,38.32000000000001
SWE,Sweden,1813,36.5,179.53,9.41,74.41,0.238,37.91
SWE,Sweden,1814,38.6,181.99,10.01,75.01,0.2813,36.410000000000004
SWE,Sweden,1819,36.97,182.87,9.28,74.28,0.2442,37.31
SWE,Sweden,1821,38.17,181.58,10.38,75.38,0.2784,37.209999999999994
SWE,Sweden,1828,37.76,174.92,9.65,74.65,0.2429,36.89000000000001
SWE,Sweden,1829,36.21,198.97,8.87,73.87,0.2205,37.660000000000004
SWE,Sweden,1831,39.0,189.81,8.93,73.93,0.2557,34.93000000000001
SWE,Sweden,1834,38.55,175.95,10.09,75.09,0.238,36.540000000000006
SWE,Sweden,1837,39.6,189.65,9.29,74.28999999999999,0.2751,34.68999999999999
SWE,Sweden,1839,39.87,162.69,9.98,74.98,0.2676,35.11000000000001
SWE,Sweden,1853,39.99,160.0,9.9,74.9,0.272,34.910000000000004
SWE,Sweden,1857,34.62,163.93,9.99,74.99,0.2391,40.37
UK:_ENGLAND_&_WALES_CIVILIAN_POPULATION,UK: ENGLAND & WALES CIVILIAN POPULATION,1846,39.91,163.25,11.28,76.28,0.3034,36.370000000000005
UK:_ENGLAND_&_WALES_CIVILIAN_POPULATION,UK: ENGLAND & WALES CIVILIAN POPULATION,1847,38.29,158.07,10.31,75.31,0.2691,37.02
UK:_ENGLAND_&_WALES_CIVILIAN_POPULATION,UK: ENGLAND & WALES CIVILIAN POPULATION,1848,39.46,154.72,11.1,76.1,0.2958,36.63999999999999
UK:_ENGLAND_&_WALES_CIVILIAN_POPULATION,UK: ENGLAND & WALES CIVILIAN POPULATION,1849,37.34,158.81,10.65,75.65,0.2521,38.31
UK:_ENGLAND_&_WALES_CIVILIAN_POPULATION,UK: ENGLAND & WALES CIVILIAN POPULATION,1854,39.3,156.5,11.22,76.22,0.2930999999999999,36.92
UK:_ENGLAND_&_WALES_CIVILIAN_POPULATION,UK: ENGLAND & WALES CIVILIAN POPULATION,1858,39.99,155.48,11.08,76.08,0.31,36.089999999999996
UK:_ENGLAND_&_WALES_CIVILIAN_POPULATION,UK: ENGLAND & WALES CIVILIAN POPULATION,1864,39.93,151.4,10.88,75.88,0.2934,35.949999999999996
UK:_ENGLAND_&_WALES_TOTAL_POPULATION,England & Wales,1846,39.91,163.25,11.28,76.28,0.3034,36.370000000000005
UK:_ENGLAND_&_WALES_TOTAL_POPULATION,England & Wales,1847,38.29,158.07,10.31,75.31,0.2691,37.02
UK:_ENGLAND_&_WALES_TOTAL_POPULATION,England & Wales,1848,39.46,154.72,11.1,76.1,0.2958,36.63999999999999
UK:_ENGLAND_&_WALES_TOTAL_POPULATION,England & Wales,1849,37.34,158.81,10.65,75.65,0.2521,38.31
UK:_ENGLAND_&_WALES_TOTAL_POPULATION,England & Wales,1854,39.3,156.5,11.22,76.22,0.2930999999999999,36.92
UK:_ENGLAND_&_WALES_TOTAL_POPULATION,England & Wales,1858,39.99,155.48,11.08,76.08,0.31,36.089999999999996
UK:_ENGLAND_&_WALES_TOTAL_POPULATION,England & Wales,1864,39.93,151.4,10.88,75.88,0.2934,35.949999999999996
