region_id,country_region,year,e0,imr,e65,s_to_65,e80,exp_death_0,exp_death_65,exp_death_80,adult_gap_65,era,is_total_pop,in_primary_allowlist,label,sex,low_e0
BEL,Belgium,1842,38.67,157.01,11.34,0.298,4.91,38.67,76.34,84.91,37.67,pre_1850,True,True,Belgium,both,True
BEL,Belgium,1846,37.86,173.09,10.45,0.2749,4.62,37.86,75.45,84.62,37.59,pre_1850,True,True,Belgium,both,True
BEL,Belgium,1847,35.13,160.72,9.58,0.2165,4.25,35.13,74.58,84.25,39.449999999999996,pre_1850,True,True,Belgium,both,True
BEL,Belgium,1848,38.05,141.55,9.97,0.2597,4.27,38.05,74.97,84.27,36.92,pre_1850,True,True,Belgium,both,True
BEL,Belgium,1849,34.51,152.04,10.17,0.2141,4.69,34.51,75.17,84.69,40.660000000000004,pre_1850,True,True,Belgium,both,True
BEL,Belgium,1854,39.78,153.4,10.81,0.3098,4.6,39.78,75.81,84.6,36.03,1850_1899,True,True,Belgium,both,True
BEL,Belgium,1855,37.46,167.14,9.88,0.2832,4.01,37.46,74.88,84.01,37.419999999999995,1850_1899,True,True,Belgium,both,True
BEL,Belgium,1859,38.97,171.18,11.1,0.2978,5.22,38.97,76.1,85.22,37.129999999999995,1850_1899,True,True,Belgium,both,True
BEL,Belgium,1864,39.8,163.21,10.67,0.32,4.6,39.8,75.67,84.6,35.870000000000005,1850_1899,True,True,Belgium,both,True
BEL,Belgium,1865,37.73,185.64,11.22,0.2992,4.89,37.73,76.22,84.89,38.49,1850_1899,True,True,Belgium,both,True
BEL,Belgium,1866,32.47,168.02,10.07,0.1924,4.63,32.47,75.07,84.63,42.599999999999994,1850_1899,True,True,Belgium,both,True
BEL,Belgium,1871,34.36,166.69,10.48,0.2487,4.53,34.36,75.48,84.53,41.120000000000005,1850_1899,True,True,Belgium,both,True
CHE,Switzerland,1877,39.99,209.78,9.78,0.3006,4.46,39.99,74.78,84.46,34.79,1850_1899,True,True,Switzerland,both,True
DNK,Denmark,1835,38.42,184.85,11.45,0.2852,5.42,38.42,76.45,85.42,38.03,pre_1850,True,True,Denmark,both,True
DNK,Denmark,1849,39.57,185.09,10.64,0.2923,4.87,39.57,75.64,84.87,36.07,pre_1850,True,True,Denmark,both,True
DNK,Denmark,1853,38.57,191.84,9.93,0.2594,4.58,38.57,74.93,84.58,36.36000000000001,1850_1899,True,True,Denmark,both,True
DNK,Denmark,1865,39.8,146.35,11.26,0.3145,5.0,39.8,76.26,85.0,36.46000000000001,1850_1899,True,True,Denmark,both,True
ESP,Spain,1911,39.79,175.48,10.19,0.3283,5.04,39.79,75.19,85.04,35.4,1900_1949,True,False,ESP,both,True
ESP,Spain,1918,30.36,178.11,9.28,0.179,4.65,30.36,74.28,84.65,43.92,1900_1949,True,False,ESP,both,True
ESP,Spain,1920,39.38,180.87,10.3,0.3189,5.08,39.38,75.3,85.08,35.919999999999995,1900_1949,True,False,ESP,both,True
FIN,Finland,1878,39.34,173.34,10.31,0.3104,4.36,39.34,75.31,84.36,35.97,1850_1899,True,True,Finland,both,True
FIN,Finland,1880,39.7,163.0,9.98,0.3065,4.22,39.7,74.98,84.22,35.28,1850_1899,True,True,Finland,both,True
FIN,Finland,1881,37.7,179.74,10.12,0.3005,4.18,37.7,75.12,84.18,37.42,1850_1899,True,True,Finland,both,True
FIN,Finland,1892,39.77,152.87,10.0,0.3229999999999999,3.97,39.77,75.0,83.97,35.23,1850_1899,True,True,Finland,both,True
FIN,Finland,1918,32.85,113.62,10.17,0.166,4.22,32.85,75.17,84.22,42.32,1900_1949,True,True,Finland,both,True
FRANCE:_TOTAL_POPULATION,France: Total population,1817,39.23,175.82,10.82,0.2874,4.97,39.23,75.82,84.97,36.589999999999996,pre_1850,True,True,France,both,True
FRANCE:_TOTAL_POPULATION,France: Total population,1818,38.6,176.79,11.07,0.2858,5.22,38.6,76.07,85.22,37.46999999999999,pre_1850,True,True,France,both,True
FRANCE:_TOTAL_POPULATION,France: Total population,1819,37.32,187.85,11.19,0.2772,5.18,37.32,76.19,85.18,38.87,pre_1850,True,True,France,both,True
FRANCE:_TOTAL_POPULATION,France: Total population,1820,39.28,173.56,10.72,0.2941,4.72,39.28,75.72,84.72,36.44,pre_1850,True,True,France,both,True
FRANCE:_TOTAL_POPULATION,France: Total population,1821,39.88,174.26,11.53,0.3115,5.32,39.88,76.53,85.32,36.65,pre_1850,True,True,France,both,True
FRANCE:_TOTAL_POPULATION,France: Total population,1822,38.37,194.3,11.38,0.299,5.07,38.37,76.38,85.07,38.01,pre_1850,True,True,France,both,True
FRANCE:_TOTAL_POPULATION,France: Total population,1824,39.21,188.53,11.57,0.3112,5.27,39.21,76.57,85.27,37.35999999999999,pre_1850,True,True,France,both,True
FRANCE:_TOTAL_POPULATION,France: Total population,1825,38.58,182.87,11.4,0.2982,5.11,38.58,76.4,85.11,37.82000000000001,pre_1850,True,True,France,both,True
FRANCE:_TOTAL_POPULATION,France: Total population,1826,37.8,182.12,10.86,0.2863,4.78,37.8,75.86,84.78,38.06,pre_1850,True,True,France,both,True
FRANCE:_TOTAL_POPULATION,France: Total population,1827,39.41,178.36,11.1,0.3,5.17,39.41,76.1,85.17,36.69,pre_1850,True,True,France,both,True
FRANCE:_TOTAL_POPULATION,France: Total population,1828,37.6,184.81,10.89,0.2829,4.98,37.6,75.89,84.98,38.29,pre_1850,True,True,France,both,True
FRANCE:_TOTAL_POPULATION,France: Total population,1829,39.44,172.75,10.65,0.2999,4.8,39.44,75.65,84.8,36.21000000000001,pre_1850,True,True,France,both,True
FRANCE:_TOTAL_POPULATION,France: Total population,1830,39.63,169.62,10.65,0.3026,4.79,39.63,75.65,84.79,36.02,pre_1850,True,True,France,both,True
FRANCE:_TOTAL_POPULATION,France: Total population,1831,39.73,165.35,10.91,0.3107,4.81,39.73,75.91,84.81,36.18,pre_1850,True,True,France,both,True
FRANCE:_TOTAL_POPULATION,France: Total population,1832,35.87,177.1,9.86,0.2362999999999999,4.62,35.87,74.86,84.62,38.99,pre_1850,True,True,France,both,True
FRANCE:_TOTAL_POPULATION,France: Total population,1833,38.88,172.55,10.99,0.2955,5.15,38.88,75.99,85.15,37.10999999999999,pre_1850,True,True,France,both,True
FRANCE:_TOTAL_POPULATION,France: Total population,1834,35.09,202.94,10.7,0.2567,4.86,35.09,75.7,84.86,40.61,pre_1850,True,True,France,both,True
FRANCE:_TOTAL_POPULATION,France: Total population,1835,39.52,168.74,10.95,0.2996999999999999,4.95,39.52,75.95,84.95,36.43,pre_1850,True,True,France,both,True
FRANCE:_TOTAL_POPULATION,France: Total population,1837,39.42,164.78,9.88,0.2907,4.34,39.42,74.88,84.34,35.459999999999994,pre_1850,True,True,France,both,True
FRANCE:_TOTAL_POPULATION,France: Total population,1838,39.37,167.14,10.8,0.3028,4.86,39.37,75.8,84.86,36.43,pre_1850,True,True,France,both,True
FRANCE:_TOTAL_POPULATION,France: Total population,1849,35.95,171.4,10.28,0.2433,4.46,35.95,75.28,84.46,39.33,pre_1850,True,True,France,both,True
FRANCE:_TOTAL_POPULATION,France: Total population,1854,36.16,173.67,9.88,0.2445,4.31,36.16,74.88,84.31,38.72,1850_1899,True,True,France,both,True
FRANCE:_TOTAL_POPULATION,France: Total population,1855,37.56,162.78,10.13,0.2738,4.2,37.56,75.13,84.2,37.56999999999999,1850_1899,True,True,France,both,True
FRANCE:_TOTAL_POPULATION,France: Total population,1857,39.6,180.17,10.83,0.3095,4.59,39.6,75.83,84.59,36.23,1850_1899,True,True,France,both,True
FRANCE:_TOTAL_POPULATION,France: Total population,1858,39.71,174.85,10.41,0.3064,4.38,39.71,75.41,84.38,35.699999999999996,1850_1899,True,True,France,both,True
FRANCE:_TOTAL_POPULATION,France: Total population,1859,35.33,210.03,10.53,0.2664,4.4,35.33,75.53,84.4,40.2,1850_1899,True,True,France,both,True
FRANCE:_TOTAL_POPULATION,France: Total population,1870,36.52,186.2,9.81,0.2571,4.02,36.52,74.81,84.02,38.29,1850_1899,True,True,France,both,True
FRANCE:_TOTAL_POPULATION,France: Total population,1871,29.74,200.37,9.65,0.1684,3.98,29.74,74.65,83.98,44.91000000000001,1850_1899,True,True,France,both,True
FRANCE:_TOTAL_POPULATION,France: Total population,1914,38.23,114.33,10.94,0.2457,4.47,38.23,75.94,84.47,37.71,1900_1949,True,True,France,both,True
FRANCE:_TOTAL_POPULATION,France: Total population,1915,36.55,109.93,11.0,0.2202,4.59,36.55,76.0,84.59,39.45,1900_1949,True,True,France,both,True
FRANCE:_TOTAL_POPULATION,France: Total population,1916,39.75,129.97,11.16,0.2737,4.55,39.75,76.16,84.55,36.41,1900_1949,True,True,France,both,True
FRANCE:_TOTAL_POPULATION,France: Total population,1918,34.84,153.31,11.06,0.2103,4.6,34.84,76.06,84.6,41.22,1900_1949,True,True,France,both,True
ISL,Iceland,1838,32.54,308.02,9.79,0.2012999999999999,4.7,32.54,74.78999999999999,84.7,42.24999999999999,pre_1850,True,True,Iceland,both,True
ISL,Iceland,1839,28.07,316.38,9.64,0.1572,4.99,28.07,74.64,84.99,46.57,pre_1850,True,True,Iceland,both,True
ISL,Iceland,1840,32.08,300.34,11.4,0.2241,5.94,32.08,76.4,85.94,44.32000000000001,pre_1850,True,True,Iceland,both,True
ISL,Iceland,1843,25.5,356.04,5.23,0.0507,2.41,25.5,70.23,82.41,44.730000000000004,pre_1850,True,True,Iceland,both,True
ISL,Iceland,1846,18.68,534.11,5.58,0.0527,2.58,18.68,70.58,82.58,51.9,pre_1850,True,True,Iceland,both,True
ISL,Iceland,1847,33.41,364.93,15.21,0.2425,10.8,33.41,80.21000000000001,90.8,46.80000000000001,pre_1850,True,True,Iceland,both,True
ISL,Iceland,1849,37.34,250.1,15.62,0.3162,8.77,37.34,80.62,88.77,43.28,pre_1850,True,True,Iceland,both,True
ISL,Iceland,1850,36.74,253.49,15.45,0.3182999999999999,8.45,36.74,80.45,88.45,43.71,1850_1899,True,True,Iceland,both,True
ISL,Iceland,1851,30.14,248.75,11.55,0.2203,6.3,30.14,76.55,86.3,46.41,1850_1899,True,True,Iceland,both,True
ISL,Iceland,1855,38.24,248.96,8.39,0.2364,4.31,38.24,73.39,84.31,35.15,1850_1899,True,True,Iceland,both,True
ISL,Iceland,1857,39.52,225.35,13.32,0.3309,7.63,39.52,78.32,87.63,38.79999999999999,1850_1899,True,True,Iceland,both,True
ISL,Iceland,1858,34.88,225.47,11.93,0.2415,6.28,34.88,76.93,86.28,42.050000000000004,1850_1899,True,True,Iceland,both,True
ISL,Iceland,1859,29.82,277.18,8.31,0.1588,3.92,29.82,73.31,83.92,43.49,1850_1899,True,True,Iceland,both,True
ISL,Iceland,1860,19.84,306.91,7.46,0.0907,3.82,19.84,72.46,83.82,52.61999999999999,1850_1899,True,True,Iceland,both,True
ISL,Iceland,1861,27.18,268.08,10.44,0.1726,5.44,27.18,75.44,85.44,48.26,1850_1899,True,True,Iceland,both,True
ISL,Iceland,1862,27.1,315.55,6.42,0.1046,3.44,27.1,71.42,83.44,44.32,1850_1899,True,True,Iceland,both,True
ISL,Iceland,1863,35.22,222.73,8.31,0.1812,4.31,35.22,73.31,84.31,38.09,1850_1899,True,True,Iceland,both,True
ISL,Iceland,1864,34.97,235.65,10.56,0.2246,6.17,34.97,75.56,86.17,40.59,1850_1899,True,True,Iceland,both,True
ISL,Iceland,1865,34.24,226.21,10.06,0.2108,5.41,34.24,75.06,85.41,40.82,1850_1899,True,True,Iceland,both,True
ISL,Iceland,1866,27.28,274.33,5.66,0.0838,2.99,27.28,70.66,82.99,43.379999999999995,1850_1899,True,True,Iceland,both,True
ISL,Iceland,1867,37.67,248.58,12.47,0.2697,5.97,37.67,77.47,85.97,39.8,1850_1899,True,True,Iceland,both,True
ISL,Iceland,1868,34.79,257.2,11.52,0.2214999999999999,6.31,34.79,76.52,86.31,41.73,1850_1899,True,True,Iceland,both,True
ISL,Iceland,1869,28.17,309.61,8.73,0.1442999999999999,5.24,28.17,73.73,85.24,45.56,1850_1899,True,True,Iceland,both,True
ISL,Iceland,1870,38.44,218.48,10.7,0.2515,5.17,38.44,75.7,85.17,37.260000000000005,1850_1899,True,True,Iceland,both,True
ISL,Iceland,1871,35.14,246.18,10.57,0.2259,5.93,35.14,75.57,85.93,40.42999999999999,1850_1899,True,True,Iceland,both,True
ISL,Iceland,1872,25.31,334.27,10.2,0.1565,5.62,25.31,75.2,85.62,49.89,1850_1899,True,True,Iceland,both,True
ISL,Iceland,1873,36.69,196.32,9.18,0.2084,3.96,36.69,74.18,83.96,37.49000000000001,1850_1899,True,True,Iceland,both,True
ISL,Iceland,1874,39.63,165.75,12.75,0.3106,6.62,39.63,77.75,86.62,38.12,1850_1899,True,True,Iceland,both,True
ISL,Iceland,1875,36.61,180.41,13.2,0.2731,6.43,36.61,78.2,86.43,41.59,1850_1899,True,True,Iceland,both,True
ISL,Iceland,1879,39.49,139.76,9.75,0.2239999999999999,5.23,39.49,74.75,85.23,35.26,1850_1899,True,True,Iceland,both,True
ISL,Iceland,1881,35.96,224.48,11.8,0.2758,5.34,35.96,76.8,85.34,40.839999999999996,1850_1899,True,True,Iceland,both,True
ISL,Iceland,1882,17.94,411.1,10.4,0.0992,5.85,17.94,75.4,85.85,57.46000000000001,1850_1899,True,True,Iceland,both,True
ISL,Iceland,1883,29.78,271.23,10.33,0.1846,4.31,29.78,75.33,84.31,45.55,1850_1899,True,True,Iceland,both,True
ISL,Iceland,1890,36.76,228.09,9.7,0.2269,4.14,36.76,74.7,84.14,37.940000000000005,1850_1899,True,True,Iceland,both,True
ITA,Italy,1872,29.76,233.41,10.19,0.2122,4.94,29.76,75.19,84.94,45.42999999999999,1850_1899,True,True,Italy,both,True
ITA,Italy,1873,31.66,207.17,9.56,0.2255,4.68,31.66,74.56,84.68,42.900000000000006,1850_1899,True,True,Italy,both,True
ITA,Italy,1874,31.81,214.31,9.28,0.2246999999999999,4.57,31.81,74.28,84.57,42.47,1850_1899,True,True,Italy,both,True
ITA,Italy,1875,31.39,218.2,9.66,0.2244,4.96,31.39,74.66,84.96,43.269999999999996,1850_1899,True,True,Italy,both,True
ITA,Italy,1876,33.67,203.88,10.58,0.2498999999999999,5.32,33.67,75.58,85.32,41.91,1850_1899,True,True,Italy,both,True
ITA,Italy,1877,34.96,199.28,10.33,0.2603999999999999,4.94,34.96,75.33,84.94,40.37,1850_1899,True,True,Italy,both,True
ITA,Italy,1878,34.39,199.18,9.98,0.2517,4.84,34.39,74.98,84.84,40.59,1850_1899,True,True,Italy,both,True
ITA,Italy,1879,34.01,207.26,9.78,0.2487,4.62,34.01,74.78,84.62,40.77,1850_1899,True,True,Italy,both,True
ITA,Italy,1880,32.82,213.27,9.3,0.2307,4.51,32.82,74.3,84.51,41.48,1850_1899,True,True,Italy,both,True
ITA,Italy,1881,34.27,219.57,10.35,0.2666,5.27,34.27,75.35,85.27,41.07999999999999,1850_1899,True,True,Italy,both,True
ITA,Italy,1882,34.35,214.4,10.51,0.2739,5.25,34.35,75.51,85.25,41.160000000000004,1850_1899,True,True,Italy,both,True
ITA,Italy,1883,35.23,196.02,10.41,0.2822,4.84,35.23,75.41,84.84,40.18,1850_1899,True,True,Italy,both,True
ITA,Italy,1884,36.67,187.87,10.66,0.2930999999999999,4.83,36.67,75.66,84.83,38.989999999999995,1850_1899,True,True,Italy,both,True
ITA,Italy,1885,36.92,189.75,10.79,0.3005,4.75,36.92,75.78999999999999,84.75,38.86999999999999,1850_1899,True,True,Italy,both,True
ITA,Italy,1886,35.18,193.04,10.5,0.2706,4.57,35.18,75.5,84.57,40.32,1850_1899,True,True,Italy,both,True
ITA,Italy,1887,36.05,195.5,10.67,0.2853,4.61,36.05,75.67,84.61,39.620000000000005,1850_1899,True,True,Italy,both,True
ITA,Italy,1888,37.02,193.5,10.38,0.2974,4.48,37.02,75.38,84.48,38.35999999999999,1850_1899,True,True,Italy,both,True
ITA,Italy,1889,39.13,184.28,10.72,0.3289,4.71,39.13,75.72,84.71,36.589999999999996,1850_1899,True,True,Italy,both,True
ITA,Italy,1890,38.58,189.03,10.26,0.3173999999999999,4.54,38.58,75.26,84.54,36.68000000000001,1850_1899,True,True,Italy,both,True
ITA,Italy,1891,38.55,185.15,10.15,0.3254999999999999,4.58,38.55,75.15,84.58,36.60000000000001,1850_1899,True,True,Italy,both,True
ITA,Italy,1892,38.93,181.96,9.74,0.3214,4.58,38.93,74.74,84.58,35.809999999999995,1850_1899,True,True,Italy,both,True
ITA,Italy,1893,39.88,178.07,10.1,0.3356,4.73,39.88,75.1,84.73,35.21999999999999,1850_1899,True,True,Italy,both,True
ITA,Italy,1895,39.69,184.0,10.39,0.3337,4.83,39.69,75.39,84.83,35.7,1850_1899,True,True,Italy,both,True
ITA,Italy,1916,39.71,145.02,11.31,0.3265,4.56,39.71,76.31,84.56,36.6,1900_1949,True,True,Italy,both,True
ITA,Italy,1917,38.08,142.9,10.93,0.2935999999999999,4.31,38.08,75.93,84.31,37.85000000000001,1900_1949,True,True,Italy,both,True
ITA,Italy,1918,25.82,182.83,9.82,0.1328,4.0,25.82,74.82,84.0,48.99999999999999,1900_1949,True,True,Italy,both,True
NLD,Netherlands,1850,39.84,193.75,11.23,0.3109,5.0,39.84,76.23,85.0,36.39,1850_1899,True,True,Netherlands,both,True
NLD,Netherlands,1852,38.71,213.48,11.2,0.3024,5.07,38.71,76.2,85.07,37.49,1850_1899,True,True,Netherlands,both,True
NLD,Netherlands,1853,38.74,193.45,10.15,0.28,4.46,38.74,75.15,84.46,36.410000000000004,1850_1899,True,True,Netherlands,both,True
NLD,Netherlands,1854,38.72,193.26,10.54,0.286,4.79,38.72,75.53999999999999,84.79,36.81999999999999,1850_1899,True,True,Netherlands,both,True
NLD,Netherlands,1855,34.58,208.37,9.25,0.2322,3.89,34.58,74.25,83.89,39.67,1850_1899,True,True,Netherlands,both,True
NLD,Netherlands,1856,38.47,194.67,10.74,0.2937,4.85,38.47,75.74,84.85,37.269999999999996,1850_1899,True,True,Netherlands,both,True
NLD,Netherlands,1857,35.41,229.03,9.87,0.2536,4.23,35.41,74.87,84.23,39.46000000000001,1850_1899,True,True,Netherlands,both,True
NLD,Netherlands,1858,34.79,216.17,9.33,0.2305,4.03,34.79,74.33,84.03,39.54,1850_1899,True,True,Netherlands,both,True
NLD,Netherlands,1859,30.91,244.68,9.42,0.196,4.07,30.91,74.42,84.07,43.510000000000005,1850_1899,True,True,Netherlands,both,True
NLD,Netherlands,1860,37.0,197.59,10.59,0.2702,4.62,37.0,75.59,84.62,38.59,1850_1899,True,True,Netherlands,both,True
NLD,Netherlands,1861,36.51,215.98,10.54,0.2728,4.46,36.51,75.53999999999999,84.46,39.029999999999994,1850_1899,True,True,Netherlands,both,True
NLD,Netherlands,1862,38.37,199.51,10.94,0.2958,4.87,38.37,75.94,84.87,37.57,1850_1899,True,True,Netherlands,both,True
NLD,Netherlands,1863,38.31,206.39,11.03,0.301,4.94,38.31,76.03,84.94,37.72,1850_1899,True,True,Netherlands,both,True
NLD,Netherlands,1864,37.65,200.71,10.36,0.2816,4.47,37.65,75.36,84.47,37.71,1850_1899,True,True,Netherlands,both,True
NLD,Netherlands,1865,36.47,229.99,10.97,0.2802,4.71,36.47,75.97,84.71,39.5,1850_1899,True,True,Netherlands,both,True
NLD,Netherlands,1866,33.69,203.43,10.31,0.2191,4.75,33.69,75.31,84.75,41.620000000000005,1850_1899,True,True,Netherlands,both,True
NLD,Netherlands,1867,39.3,208.14,10.96,0.3136,4.72,39.3,75.96000000000001,84.72,36.66000000000001,1850_1899,True,True,Netherlands,both,True
NLD,Netherlands,1868,37.78,232.43,10.79,0.3031,4.63,37.78,75.78999999999999,84.63,38.00999999999999,1850_1899,True,True,Netherlands,both,True
NLD,Netherlands,1870,37.54,221.18,10.39,0.2874,4.45,37.54,75.39,84.45,37.85,1850_1899,True,True,Netherlands,both,True
NLD,Netherlands,1871,33.01,234.79,10.42,0.2347,4.44,33.01,75.42,84.44,42.410000000000004,1850_1899,True,True,Netherlands,both,True
NLD,Netherlands,1872,36.47,228.32,11.21,0.2862,4.92,36.47,76.21000000000001,84.92,39.74000000000001,1850_1899,True,True,Netherlands,both,True
NLD,Netherlands,1873,39.27,217.82,10.91,0.3157999999999999,4.81,39.27,75.91,84.81,36.63999999999999,1850_1899,True,True,Netherlands,both,True
NLD,Netherlands,1875,38.34,228.21,10.43,0.3,4.46,38.34,75.43,84.46,37.09,1850_1899,True,True,Netherlands,both,True
SWE,Sweden,1751,38.43,195.94,11.01,0.2830999999999999,5.25,38.43,76.01,85.25,37.580000000000005,pre_1850,True,True,Sweden,both,True
SWE,Sweden,1752,35.41,220.68,12.55,0.2787,6.62,35.41,77.55,86.62,42.14,pre_1850,True,True,Sweden,both,True
SWE,Sweden,1753,39.74,195.63,12.47,0.3177,6.43,39.74,77.47,86.43,37.73,pre_1850,True,True,Sweden,both,True
SWE,Sweden,1754,37.5,213.87,11.68,0.2858,5.89,37.5,76.68,85.89,39.18000000000001,pre_1850,True,True,Sweden,both,True
SWE,Sweden,1755,36.58,229.99,11.44,0.2789,5.68,36.58,76.44,85.68,39.86,pre_1850,True,True,Sweden,both,True
SWE,Sweden,1756,36.25,220.99,11.18,0.2683,5.36,36.25,76.18,85.36,39.93000000000001,pre_1850,True,True,Sweden,both,True
SWE,Sweden,1757,33.81,211.11,10.7,0.233,5.46,33.81,75.7,85.46,41.89,pre_1850,True,True,Sweden,both,True
SWE,Sweden,1758,32.92,210.45,9.25,0.1907999999999999,4.6,32.92,74.25,84.6,41.33,pre_1850,True,True,Sweden,both,True
SWE,Sweden,1759,38.21,194.57,10.7,0.264,5.37,38.21,75.7,85.37,37.49,pre_1850,True,True,Sweden,both,True
SWE,Sweden,1760,39.71,192.0,11.41,0.2805,5.63,39.71,76.41,85.63,36.699999999999996,pre_1850,True,True,Sweden,both,True
SWE,Sweden,1761,37.83,213.41,11.66,0.2866,5.79,37.83,76.66,85.79,38.83,pre_1850,True,True,Sweden,both,True
SWE,Sweden,1762,32.49,242.07,10.36,0.221,4.83,32.49,75.36,84.83,42.87,pre_1850,True,True,Sweden,both,True
SWE,Sweden,1763,30.46,244.35,10.09,0.1939999999999999,4.83,30.46,75.09,84.83,44.63,pre_1850,True,True,Sweden,both,True
SWE,Sweden,1764,36.3,217.37,10.65,0.2463,5.08,36.3,75.65,85.08,39.35000000000001,pre_1850,True,True,Sweden,both,True
SWE,Sweden,1765,35.99,219.12,10.13,0.2412,4.69,35.99,75.13,84.69,39.13999999999999,pre_1850,True,True,Sweden,both,True
SWE,Sweden,1766,38.11,219.33,11.05,0.2836,5.11,38.11,76.05,85.11,37.94,pre_1850,True,True,Sweden,both,True
SWE,Sweden,1767,38.23,215.82,10.38,0.273,4.65,38.23,75.38,84.65,37.15,pre_1850,True,True,Sweden,both,True
SWE,Sweden,1768,35.05,223.64,10.87,0.2686,5.17,35.05,75.87,85.17,40.82000000000001,pre_1850,True,True,Sweden,both,True
SWE,Sweden,1769,34.71,219.14,11.14,0.2673999999999999,5.38,34.71,76.14,85.38,41.43,pre_1850,True,True,Sweden,both,True
SWE,Sweden,1770,36.66,212.06,10.74,0.273,5.15,36.66,75.74,85.15,39.08,pre_1850,True,True,Sweden,both,True
SWE,Sweden,1771,35.43,210.82,9.85,0.2386,4.8,35.43,74.85,84.8,39.419999999999995,pre_1850,True,True,Sweden,both,True
SWE,Sweden,1772,27.73,222.02,8.22,0.1253999999999999,3.77,27.73,73.22,83.77,45.489999999999995,pre_1850,True,True,Sweden,both,True
SWE,Sweden,1773,17.99,238.56,7.14,0.0533,3.33,17.99,72.14,83.33,54.150000000000006,pre_1850,True,True,Sweden,both,True
SWE,Sweden,1775,38.15,193.94,10.74,0.2859,4.6,38.15,75.74,84.6,37.589999999999996,pre_1850,True,True,Sweden,both,True
SWE,Sweden,1777,38.13,190.51,10.4,0.2869,5.29,38.13,75.4,85.29,37.27,pre_1850,True,True,Sweden,both,True
SWE,Sweden,1778,35.56,209.14,10.63,0.2804,4.91,35.56,75.63,84.91,40.06999999999999,pre_1850,True,True,Sweden,both,True
SWE,Sweden,1779,32.82,214.28,11.09,0.2683,5.8,32.82,76.09,85.8,43.27,pre_1850,True,True,Sweden,both,True
SWE,Sweden,1781,37.81,184.69,9.81,0.289,4.98,37.81,74.81,84.98,37.0,pre_1850,True,True,Sweden,both,True
SWE,Sweden,1782,36.66,182.43,8.94,0.2557,4.22,36.66,73.94,84.22,37.28,pre_1850,True,True,Sweden,both,True
SWE,Sweden,1783,33.72,193.32,9.95,0.2466,4.9,33.72,74.95,84.9,41.230000000000004,pre_1850,True,True,Sweden,both,True
SWE,Sweden,1784,31.44,196.97,10.2,0.2271999999999999,4.78,31.44,75.2,84.78,43.760000000000005,pre_1850,True,True,Sweden,both,True
SWE,Sweden,1785,33.48,193.45,9.8,0.2453,4.47,33.48,74.8,84.47,41.32,pre_1850,True,True,Sweden,both,True
SWE,Sweden,1786,37.9,207.61,9.66,0.2595,4.49,37.9,74.66,84.49,36.76,pre_1850,True,True,Sweden,both,True
SWE,Sweden,1788,36.82,214.45,10.1,0.2672,4.45,36.82,75.1,84.45,38.279999999999994,pre_1850,True,True,Sweden,both,True
SWE,Sweden,1789,31.23,218.99,9.93,0.1816,4.59,31.23,74.93,84.59,43.7,pre_1850,True,True,Sweden,both,True
SWE,Sweden,1790,33.6,201.33,9.93,0.2133,4.79,33.6,74.93,84.79,41.330000000000005,pre_1850,True,True,Sweden,both,True
SWE,Sweden,1791,38.45,191.87,9.67,0.2658,4.57,38.45,74.67,84.57,36.22,pre_1850,True,True,Sweden,both,True
SWE,Sweden,1792,39.84,207.56,10.53,0.3128,4.76,39.84,75.53,84.76,35.69,pre_1850,True,True,Sweden,both,True
SWE,Sweden,1793,39.64,199.79,10.52,0.3063,4.79,39.64,75.52,84.79,35.879999999999995,pre_1850,True,True,Sweden,both,True
SWE,Sweden,1795,36.55,198.04,9.07,0.2506,3.94,36.55,74.07,83.94,37.519999999999996,pre_1850,True,True,Sweden,both,True
SWE,Sweden,1796,38.88,202.17,10.42,0.3079,4.99,38.88,75.42,84.99,36.54,pre_1850,True,True,Sweden,both,True
SWE,Sweden,1799,39.34,194.81,9.51,0.2884,4.3,39.34,74.51,84.3,35.17,pre_1850,True,True,Sweden,both,True
SWE,Sweden,1800,32.19,227.06,8.73,0.2092,3.92,32.19,73.73,83.92,41.540000000000006,pre_1850,True,True,Sweden,both,True
SWE,Sweden,1801,36.91,209.21,9.98,0.267,4.42,36.91,74.98,84.42,38.07000000000001,pre_1850,True,True,Sweden,both,True
SWE,Sweden,1804,39.7,190.35,9.69,0.2811,4.49,39.7,74.69,84.49,34.989999999999995,pre_1850,True,True,Sweden,both,True
SWE,Sweden,1806,36.2,221.47,10.04,0.2559,4.51,36.2,75.03999999999999,84.51,38.83999999999999,pre_1850,True,True,Sweden,both,True
SWE,Sweden,1807,38.77,190.21,9.54,0.2633,4.35,38.77,74.53999999999999,84.35,35.76999999999999,pre_1850,True,True,Sweden,both,True
SWE,Sweden,1808,30.19,217.42,8.63,0.1625,3.89,30.19,73.63,83.89,43.44,pre_1850,True,True,Sweden,both,True
SWE,Sweden,1809,26.91,208.31,8.08,0.1106,3.87,26.91,73.08,83.87,46.17,pre_1850,True,True,Sweden,both,True
SWE,Sweden,1810,31.99,204.88,8.84,0.1851,4.07,31.99,73.84,84.07,41.85000000000001,pre_1850,True,True,Sweden,both,True
SWE,Sweden,1811,34.59,204.37,9.66,0.2176,4.58,34.59,74.66,84.58,40.06999999999999,pre_1850,True,True,Sweden,both,True
SWE,Sweden,1812,35.11,201.43,8.43,0.201,4.0,35.11,73.43,84.0,38.32000000000001,pre_1850,True,True,Sweden,both,True
SWE,Sweden,1813,36.5,179.53,9.41,0.238,4.47,36.5,74.41,84.47,37.91,pre_1850,True,True,Sweden,both,True
SWE,Sweden,1814,38.6,181.99,10.01,0.2813,4.67,38.6,75.01,84.67,36.410000000000004,pre_1850,True,True,Sweden,both,True
SWE,Sweden,1819,36.97,182.87,9.28,0.2442,4.38,36.97,74.28,84.38,37.31,pre_1850,True,True,Sweden,both,True
SWE,Sweden,1821,38.17,181.58,10.38,0.2784,4.65,38.17,75.38,84.65,37.209999999999994,pre_1850,True,True,Sweden,both,True
SWE,Sweden,1828,37.76,174.92,9.65,0.2429,4.4,37.76,74.65,84.4,36.89000000000001,pre_1850,True,True,Sweden,both,True
SWE,Sweden,1829,36.21,198.97,8.87,0.2205,3.91,36.21,73.87,83.91,37.660000000000004,pre_1850,True,True,Sweden,both,True
SWE,Sweden,1831,39.0,189.81,8.93,0.2557,3.84,39.0,73.93,83.84,34.93000000000001,pre_1850,True,True,Sweden,both,True
SWE,Sweden,1834,38.55,175.95,10.09,0.238,4.48,38.55,75.09,84.48,36.540000000000006,pre_1850,True,True,Sweden,both,True
SWE,Sweden,1837,39.6,189.65,9.29,0.2751,3.94,39.6,74.28999999999999,83.94,34.68999999999999,pre_1850,True,True,Sweden,both,True
SWE,Sweden,1839,39.87,162.69,9.98,0.2676,4.38,39.87,74.98,84.38,35.11000000000001,pre_1850,True,True,Sweden,both,True
SWE,Sweden,1853,39.99,160.0,9.9,0.272,4.58,39.99,74.9,84.58,34.910000000000004,1850_1899,True,True,Sweden,both,True
SWE,Sweden,1857,34.62,163.93,9.99,0.2391,4.36,34.62,74.99,84.36,40.37,1850_1899,True,True,Sweden,both,True
UK:_ENGLAND_&_WALES_TOTAL_POPULATION,U.K.: England & Wales Total Population,1846,39.91,163.25,11.28,0.3034,5.22,39.91,76.28,85.22,36.370000000000005,pre_1850,True,True,England & Wales,both,True
UK:_ENGLAND_&_WALES_TOTAL_POPULATION,U.K.: England & Wales Total Population,1847,38.29,158.07,10.31,0.2691,4.64,38.29,75.31,84.64,37.02,pre_1850,True,True,England & Wales,both,True
UK:_ENGLAND_&_WALES_TOTAL_POPULATION,U.K.: England & Wales Total Population,1848,39.46,154.72,11.1,0.2958,5.15,39.46,76.1,85.15,36.63999999999999,pre_1850,True,True,England & Wales,both,True
UK:_ENGLAND_&_WALES_TOTAL_POPULATION,U.K.: England & Wales Total Population,1849,37.34,158.81,10.65,0.2521,5.09,37.34,75.65,85.09,38.31,pre_1850,True,True,England & Wales,both,True
UK:_ENGLAND_&_WALES_TOTAL_POPULATION,U.K.: England & Wales Total Population,1854,39.3,156.5,11.22,0.2930999999999999,5.19,39.3,76.22,85.19,36.92,1850_1899,True,True,England & Wales,both,True
UK:_ENGLAND_&_WALES_TOTAL_POPULATION,U.K.: England & Wales Total Population,1858,39.99,155.48,11.08,0.31,5.02,39.99,76.08,85.02,36.089999999999996,1850_1899,True,True,England & Wales,both,True
UK:_ENGLAND_&_WALES_TOTAL_POPULATION,U.K.: England & Wales Total Population,1864,39.93,151.4,10.88,0.2934,5.03,39.93,75.88,85.03,35.949999999999996,1850_1899,True,True,England & Wales,both,True
